datetime,row,e_invoice_number,sales_date,quantity_sold_mt,seller_gst,epr_invoice_number,status,message
2026-01-30T06:36:12.027Z,2,KL2410000001,Tue Apr 09 2024 05:30:00 GMT+0530 (India Standard Time),1.9085220000000003,05AAACP0278J1ZI,,Failed,"locator.waitFor: Timeout 20000ms exceeded. Call log: [2m  - waiting for locator('tbody#ScrollableSimpleTableBody tr').filter({ has: locator('span[title=""CAT-II""]') }).filter({ has: locator('span[title=""PP""]') }).first() to be visible[22m"
2026-01-30T06:36:20.036Z,3,KL2410000002,Tue Apr 16 2024 05:30:00 GMT+0530 (India Standard Time),0.7484400000000001,05AAACP0278J1ZI,,Failed,"locator.waitFor: Target page, context or browser has been closed Call log: [2m  - waiting for locator('tbody#ScrollableSimpleTableBody tr').filter({ has: locator('span[title=""CAT-II""]') }).filter({ has: locator('span[title=""PP""]') }).first() to be visible[22m"
2026-01-30T06:36:37.577Z,2,KL2410000001,Tue Apr 09 2024 05:30:00 GMT+0530 (India Standard Time),1.9085220000000003,05AAACP0278J1ZI,202601307317496,Filled,× Success Sales Receipt Added
2026-01-30T06:37:09.770Z,3,KL2410000002,Tue Apr 16 2024 05:30:00 GMT+0530 (India Standard Time),0.7484400000000001,05AAACP0278J1ZI,,Failed,"page.waitForSelector: Timeout 30000ms exceeded. Call log: [2m  - waiting for locator('input[name=""qty_product_sold""]') to be visible[22m"
2026-01-30T06:40:59.161Z,3,KL2410000002,Tue Apr 16 2024 05:30:00 GMT+0530 (India Standard Time),0.7484400000000001,05AAACP0278J1ZI,202601307317668,Filled,× Success Sales Receipt Added
2026-01-30T06:42:58.727Z,4,KL2410000005,Fri May 17 2024 05:30:00 GMT+0530 (India Standard Time),0.160083,05AAACP0278J1ZI,202601307317700,Filled,× Success Sales Receipt Added
2026-01-30T06:43:31.890Z,5,KL2410000007,Wed May 29 2024 05:30:00 GMT+0530 (India Standard Time),0.0319275,05AAACP0278J1ZI,,Failed,"page.waitForSelector: Timeout 30000ms exceeded. Call log: [2m  - waiting for locator('input[name=""qty_product_sold""]') to be visible[22m"
2026-01-30T06:43:34.522Z,6,KL2410000008,Fri May 31 2024 05:30:00 GMT+0530 (India Standard Time),0.057617999999999996,05AAACP0278J1ZI,202601307317725,Filled,× Success Sales Receipt Added
2026-01-30T06:43:50.176Z,7,KL2410000011,Tue Jun 11 2024 05:30:00 GMT+0530 (India Standard Time),0.9597555000000001,05AAACP0278J1ZI,,Failed,"page.waitForSelector: Target page, context or browser has been closed Call log: [2m  - waiting for locator('input[name=""qty_product_sold""]') to be visible[22m"
2026-01-30T06:43:50.264Z,8,KL2410000012,Sat Jun 15 2024 05:30:00 GMT+0530 (India Standard Time),0.2650725,05AAACP0278J1ZI,,Failed,"page.waitForSelector: Target page, context or browser has been closed"
2026-01-30T06:50:37.964Z,5,KL2410000007,Wed May 29 2024 05:30:00 GMT+0530 (India Standard Time),0.0319275,05AAACP0278J1ZI,202601307317922,Filled,× Success Sales Receipt Added
2026-01-30T06:51:00.162Z,7,KL2410000011,Tue Jun 11 2024 05:30:00 GMT+0530 (India Standard Time),0.9597555000000001,05AAACP0278J1ZI,202601307317926,Filled,× Success Sales Receipt Added
2026-01-30T06:51:18.587Z,8,KL2410000012,Sat Jun 15 2024 05:30:00 GMT+0530 (India Standard Time),0.2650725,05AAACP0278J1ZI,202601307317929,Filled,× Success Sales Receipt Added
2026-01-30T06:51:29.862Z,9,KL2410000014,Thu Jul 04 2024 05:30:00 GMT+0530 (India Standard Time),0.09875250000000001,05AAACP0278J1ZI,202601307317932,Filled,× Success Sales Receipt Added
2026-01-30T06:51:41.070Z,10,KL2410000015,Thu Jul 04 2024 05:30:00 GMT+0530 (India Standard Time),0.47520000000000007,05AAACP0278J1ZI,202601307317936,Filled,× Success Sales Receipt Added
2026-01-30T06:51:58.887Z,11,KL2410000016,Thu Jul 04 2024 05:30:00 GMT+0530 (India Standard Time),0.487377,05AAACP0278J1ZI,202601307317945,Filled,× Success Sales Receipt Added
2026-01-30T06:52:51.477Z,12,KL2410000017,Thu Jul 18 2024 05:30:00 GMT+0530 (India Standard Time),0.39649500000000004,05AAACP0278J1ZI,202601307317959,Filled,× Success Sales Receipt Added
2026-01-30T06:53:06.907Z,13,KL2410000018,Sat Jul 27 2024 05:30:00 GMT+0530 (India Standard Time),0.514404,05AAACP0278J1ZI,,Failed,Submit disabled: some required fields still missing.
2026-01-30T06:53:24.754Z,14,KL2410000021,Tue Aug 27 2024 05:30:00 GMT+0530 (India Standard Time),0.30969675,05AAACP0278J1ZI,202601307317966,Filled,× Success Sales Receipt Added
2026-01-30T06:53:36.042Z,15,KL2410000023,Thu Sep 12 2024 05:30:00 GMT+0530 (India Standard Time),1.8471915,05AAACP0278J1ZI,202601307317972,Filled,× Success Sales Receipt Added
2026-01-30T06:53:47.270Z,16,KL2410000024,Fri Sep 20 2024 05:30:00 GMT+0530 (India Standard Time),1.14642,05AAACP0278J1ZI,202601307317979,Filled,× Success Sales Receipt Added
2026-01-30T06:53:58.558Z,17,KL2410000026,Tue Sep 24 2024 05:30:00 GMT+0530 (India Standard Time),0.19527750000000002,05AAACP0278J1ZI,202601307317988,Filled,× Success Sales Receipt Added
2026-01-30T06:54:10.841Z,18,KL2410000027,Sun Sep 29 2024 05:30:00 GMT+0530 (India Standard Time),2.1104077500000002,05AAACP0278J1ZI,202601307318001,Filled,× Success Sales Receipt Added
2026-01-30T06:56:42.050Z,13,KL2410000018,Sat Jul 27 2024 05:30:00 GMT+0530 (India Standard Time),0.514404,05AAACP0278J1ZI,202601307318073,Filled,× Success Sales Receipt Added
2026-01-30T06:56:53.036Z,19,KL2410000028,Thu Oct 03 2024 05:30:00 GMT+0530 (India Standard Time),0.05940000000000001,05AAACP0278J1ZI,202601307318080,Filled,× Success Sales Receipt Added
2026-01-30T06:57:03.854Z,20,KL2410000030,Sun Oct 20 2024 05:30:00 GMT+0530 (India Standard Time),0.0794475,05AAACP0278J1ZI,202601307318092,Filled,× Success Sales Receipt Added
2026-01-30T06:57:15.194Z,21,KL2410000031,Sun Oct 27 2024 05:30:00 GMT+0530 (India Standard Time),0.2793285,05AAACP0278J1ZI,202601307318094,Filled,× Success Sales Receipt Added
2026-01-30T06:57:25.976Z,22,KL2410000036,Mon Nov 18 2024 05:30:00 GMT+0530 (India Standard Time),0.7128,05AAACP0278J1ZI,202601307318097,Filled,× Success Sales Receipt Added
2026-01-30T06:57:36.756Z,23,KL2410000037,Sat Nov 30 2024 05:30:00 GMT+0530 (India Standard Time),4.7542275,05AAACP0278J1ZI,202601307318098,Filled,× Success Sales Receipt Added
2026-01-30T06:57:47.637Z,24,KL2410000038,Fri Dec 06 2024 05:30:00 GMT+0530 (India Standard Time),1.4665860000000002,05AAACP0278J1ZI,202601307318101,Filled,× Success Sales Receipt Added
2026-01-30T06:57:58.345Z,25,KL2410000039,Fri Dec 06 2024 05:30:00 GMT+0530 (India Standard Time),0.18408059999999998,05AAACP0278J1ZI,202601307318103,Filled,× Success Sales Receipt Added
2026-01-30T06:58:09.185Z,26,KL2410000041,Fri Dec 20 2024 05:30:00 GMT+0530 (India Standard Time),0.43621875000000004,05AAACP0278J1ZI,202601307318107,Filled,× Success Sales Receipt Added
2026-01-30T06:58:20.001Z,27,KL2410000043,Tue Dec 24 2024 05:30:00 GMT+0530 (India Standard Time),0.831303,05AAACP0278J1ZI,202601307318111,Filled,× Success Sales Receipt Added
2026-01-30T06:58:30.794Z,28,KL2410000046,Fri Dec 27 2024 05:30:00 GMT+0530 (India Standard Time),16.15048875,05AAACP0278J1ZI,202601307318115,Filled,× Success Sales Receipt Added
2026-01-30T06:58:41.702Z,29,KL2410000047,Sun Dec 29 2024 05:30:00 GMT+0530 (India Standard Time),14.140689750000003,05AAACP0278J1ZI,202601307318117,Filled,× Success Sales Receipt Added
2026-01-30T06:58:52.464Z,30,KL2410000048,Sun Dec 29 2024 05:30:00 GMT+0530 (India Standard Time),7.85862,05AAACP0278J1ZI,Confirm Entered Details×Please check and confirm the following details. These details cannot be changed later.entity_stateEXPORTQuantity Sold(MT)7.86Name of the EntityPOLYPLEX USA LLCAddressUSAGST No. of Seller05AAACP0278J1ZIhsnCode39206220invnoKL2410000048Bank Account No00030310001330IFSC CodeHDFC0000003Principal Amount(₹)2380845.2GST Amount(₹)0Sales date2024-12-29CancelConfirm,Filled,× Error Http failure response for https://eprplastic.cpcb.gov.in/epr/m3/api/v1.0/pwp/add_sales_recycling: 502 Bad Gateway
2026-01-30T06:59:30.771Z,31,KL2410000049,Mon Dec 30 2024 05:30:00 GMT+0530 (India Standard Time),0.05694975000000001,05AAACP0278J1ZI,,Failed,"page.waitForSelector: Target page, context or browser has been closed Call log: [2m  - waiting for locator('#ScrollableSimpleTableBody') to be visible[22m"
2026-01-30T07:00:25.235Z,31,KL2410000049,Mon Dec 30 2024 05:30:00 GMT+0530 (India Standard Time),0.05694975000000001,05AAACP0278J1ZI,202601307318133,Filled,× Success Sales Receipt Added
2026-01-30T07:00:34.403Z,32,KL2410000051,Tue Dec 31 2024 05:30:00 GMT+0530 (India Standard Time),0.00289575,05AAACP0278J1ZI,,Failed,Submit disabled: some required fields still missing.
2026-01-30T07:01:13.094Z,33,KL2410000055,Tue Jan 14 2025 05:30:00 GMT+0530 (India Standard Time),0.05123250000000001,05AAACP0278J1ZI,202601307318142,Filled,× Success Sales Receipt Added
2026-01-30T07:01:24.011Z,34,KL2410000056,Fri Jan 17 2025 05:30:00 GMT+0530 (India Standard Time),0.4827735,05AAACP0278J1ZI,202601307318143,Filled,× Success Sales Receipt Added
2026-01-30T07:01:34.879Z,35,KL2410000057,Sun Jan 19 2025 05:30:00 GMT+0530 (India Standard Time),0.5259127499999999,05AAACP0278J1ZI,202601307318145,Filled,× Success Sales Receipt Added
2026-01-30T07:01:45.812Z,36,KL2410000061,Tue Jan 28 2025 05:30:00 GMT+0530 (India Standard Time),0.129195,05AAACP0278J1ZI,Confirm Entered Details×Please check and confirm the following details. These details cannot be changed later.entity_stateEXPORTQuantity Sold(MT)0.13Name of the EntityPOLYPLEX USA LLCAddressUSAGST No. of Seller05AAACP0278J1ZIhsnCode39206220invnoKL2410000061Bank Account No00030310001330IFSC CodeHDFC0000003Principal Amount(₹)153499.67GST Amount(₹)0Sales date2025-01-28CancelConfirm,Filled,
2026-01-30T07:07:36.446Z,32,KL2410000051,Tue Dec 31 2024 05:30:00 GMT+0530 (India Standard Time),0.00289575,05AAACP0278J1ZI,,Failed,Submit disabled: some required fields still missing.
2026-01-30T07:07:56.625Z,37,KL2410000062,Wed Jan 29 2025 05:30:00 GMT+0530 (India Standard Time),0.023388750000000003,05AAACP0278J1ZI,,Failed,Submit disabled: some required fields still missing.
2026-01-30T07:08:19.528Z,38,KL2410000065,Fri Jan 31 2025 05:30:00 GMT+0530 (India Standard Time),14.958776250000001,05AAACP0278J1ZI,202601307318402,Filled,× Success Sales Receipt Added
2026-01-30T07:08:37.834Z,39,KL2410000066,Fri Jan 31 2025 05:30:00 GMT+0530 (India Standard Time),14.958776250000001,05AAACP0278J1ZI,202601307318413,Filled,× Success Sales Receipt Added
2026-01-30T07:08:54.005Z,40,KL2410000067,Sun Feb 02 2025 05:30:00 GMT+0530 (India Standard Time),16.71775875,05AAACP0278J1ZI,202601307318430,Filled,× Success Sales Receipt Added
2026-01-30T07:09:08.994Z,41,KL2410000068,Sun Feb 02 2025 05:30:00 GMT+0530 (India Standard Time),2.5993440000000003,05AAACP0278J1ZI,202601307318449,Filled,× Success Sales Receipt Added
2026-01-30T07:09:27.187Z,42,KL2410000069,Sun Feb 02 2025 05:30:00 GMT+0530 (India Standard Time),9.0824085,05AAACP0278J1ZI,202601307318469,Filled,× Success Sales Receipt Added
2026-01-30T07:09:46.727Z,43,KL2410000070,Mon Feb 03 2025 05:30:00 GMT+0530 (India Standard Time),16.958997000000004,05AAACP0278J1ZI,Confirm Entered Details×Please check and confirm the following details. These details cannot be changed later.entity_stateEXPORTQuantity Sold(MT)16.96Name of the EntityAvery Dennison Israel LTD.AddressIsraelGST No. of Seller05AAACP0278J1ZIhsnCode39206220invnoKL2410000070Bank Account No00030310001330IFSC CodeHDFC0000003Principal Amount(₹)5617641.89GST Amount(₹)0Sales date2025-02-03CancelConfirm,Filled,
2026-01-30T07:10:43.631Z,32,KL2410000051,Tue Dec 31 2024 05:30:00 GMT+0530 (India Standard Time),0.00289575,05AAACP0278J1ZI,,Failed,Submit disabled: some required fields still missing.
2026-01-30T07:10:56.297Z,37,KL2410000062,Wed Jan 29 2025 05:30:00 GMT+0530 (India Standard Time),0.023388750000000003,05AAACP0278J1ZI,,Failed,Submit disabled: some required fields still missing.
2026-01-30T07:11:04.848Z,44,KL2410000071,Mon Feb 03 2025 05:30:00 GMT+0530 (India Standard Time),16.769585250000002,05AAACP0278J1ZI,202601307318567,Filled,× Success Sales Receipt Added
2026-01-30T07:11:20.670Z,45,KL2410000072,Tue Feb 04 2025 05:30:00 GMT+0530 (India Standard Time),9.021375,05AAACP0278J1ZI,202601307318589,Filled,× Success Sales Receipt Added
2026-01-30T07:11:38.598Z,46,KL2410000073,Tue Feb 04 2025 05:30:00 GMT+0530 (India Standard Time),16.7396625,05AAACP0278J1ZI,202601307318608,Filled,× Success Sales Receipt Added
2026-01-30T07:11:57.974Z,47,KL2410000074,Mon Feb 10 2025 05:30:00 GMT+0530 (India Standard Time),16.893211500000003,05AAACP0278J1ZI,202601307318630,Filled,× Success Sales Receipt Added
2026-01-30T07:12:14.204Z,48,KL2410000076,Thu Feb 13 2025 05:30:00 GMT+0530 (India Standard Time),17.02678725,05AAACP0278J1ZI,202601307318649,Filled,× Success Sales Receipt Added
2026-01-30T07:12:30.316Z,49,KL2410000077,Fri Feb 14 2025 05:30:00 GMT+0530 (India Standard Time),0.20010375000000002,05AAACP0278J1ZI,202601307318669,Filled,× Success Sales Receipt Added
2026-01-30T07:12:48.230Z,50,KL2410000079,Fri Feb 14 2025 05:30:00 GMT+0530 (India Standard Time),0.2599678125,05AAACP0278J1ZI,202601307318690,Filled,× Success Sales Receipt Added
2026-01-30T07:13:04.376Z,51,KL2410000080,Tue Feb 18 2025 05:30:00 GMT+0530 (India Standard Time),0.13402125,05AAACP0278J1ZI,202601307318700,Filled,× Success Sales Receipt Added
2026-01-30T07:13:20.693Z,52,KL2410000082,Wed Feb 19 2025 05:30:00 GMT+0530 (India Standard Time),0.09504000000000001,05AAACP0278J1ZI,202601307318717,Filled,× Success Sales Receipt Added
2026-01-30T07:13:38.017Z,53,KL2410000083,Wed Feb 19 2025 05:30:00 GMT+0530 (India Standard Time),6.14886525,05AAACP0278J1ZI,202601307318737,Filled,× Success Sales Receipt Added
2026-01-30T07:13:53.224Z,54,KL2410000084,Wed Feb 19 2025 05:30:00 GMT+0530 (India Standard Time),2.6556255,05AAACP0278J1ZI,202601307318754,Filled,× Success Sales Receipt Added
2026-01-30T07:14:09.269Z,55,KL2410000086,Thu Feb 27 2025 05:30:00 GMT+0530 (India Standard Time),15.093465749999998,05AAACP0278J1ZI,202601307318773,Filled,× Success Sales Receipt Added
2026-01-30T07:14:27.702Z,56,KL2410000087,Thu Feb 27 2025 05:30:00 GMT+0530 (India Standard Time),16.8376725,05AAACP0278J1ZI,202601307318798,Filled,× Success Sales Receipt Added
2026-01-30T07:14:45.543Z,57,KL2410000088,Thu Feb 27 2025 05:30:00 GMT+0530 (India Standard Time),11.1011175,05AAACP0278J1ZI,202601307318818,Filled,× Success Sales Receipt Added
2026-01-30T07:15:04.433Z,58,KL2410000089,Fri Feb 28 2025 05:30:00 GMT+0530 (India Standard Time),16.9549875,05AAACP0278J1ZI,202601307318839,Filled,× Success Sales Receipt Added
2026-01-30T07:15:22.453Z,59,KL2410000090,Tue Mar 04 2025 05:30:00 GMT+0530 (India Standard Time),12.6080955,05AAACP0278J1ZI,202601307318860,Filled,× Success Sales Receipt Added
2026-01-30T07:15:40.047Z,60,KL2410000091,Tue Mar 04 2025 05:30:00 GMT+0530 (India Standard Time),0.48492675,05AAACP0278J1ZI,202601307318884,Filled,× Success Sales Receipt Added
2026-01-30T07:15:57.124Z,61,KL2410000092,Tue Mar 04 2025 05:30:00 GMT+0530 (India Standard Time),6.8451075,05AAACP0278J1ZI,202601307318904,Filled,× Success Sales Receipt Added
2026-01-30T07:16:14.355Z,62,KL2410000092,Tue Mar 04 2025 05:30:00 GMT+0530 (India Standard Time),6.8451075,05AAACP0278J1ZI,202601307318928,Filled,× Success Sales Receipt Added
2026-01-30T07:16:31.128Z,63,KL2410000093,Tue Mar 04 2025 05:30:00 GMT+0530 (India Standard Time),3.0706087500000003,05AAACP0278J1ZI,202601307318950,Filled,× Success Sales Receipt Added
2026-01-30T07:16:46.751Z,64,KL2410000094,Wed Mar 05 2025 05:30:00 GMT+0530 (India Standard Time),4.8495645000000005,05AAACP0278J1ZI,202601307318968,Filled,× Success Sales Receipt Added
2026-01-30T07:17:03.413Z,65,KL2410000095,Wed Mar 05 2025 05:30:00 GMT+0530 (India Standard Time),7.918762499999999,05AAACP0278J1ZI,202601307318987,Filled,× Success Sales Receipt Added
2026-01-30T07:17:19.630Z,66,KL2410000096,Wed Mar 05 2025 05:30:00 GMT+0530 (India Standard Time),0.8916682500000002,05AAACP0278J1ZI,202601307319004,Filled,× Success Sales Receipt Added
2026-01-30T07:17:38.239Z,67,KL2410000101,Fri Mar 07 2025 05:30:00 GMT+0530 (India Standard Time),14.31176175,05AAACP0278J1ZI,202601307319027,Filled,× Success Sales Receipt Added
2026-01-30T07:17:54.468Z,68,KL2410000103,Sat Mar 08 2025 05:30:00 GMT+0530 (India Standard Time),1.6332772500000001,05AAACP0278J1ZI,202601307319047,Filled,× Success Sales Receipt Added
2026-01-30T07:18:11.546Z,69,KL2410000104,Mon Mar 10 2025 05:30:00 GMT+0530 (India Standard Time),0.39426750000000005,05AAACP0278J1ZI,Confirm Entered Details×Please check and confirm the following details. These details cannot be changed later.entity_stateEXPORTQuantity Sold(MT)0.39Name of the EntityPOLYPLEX USA LLCAddressUSAGST No. of Seller05AAACP0278J1ZIhsnCode39206290invnoKL2410000104Bank Account No00030310001330IFSC CodeHDFC0000003Principal Amount(₹)343807.63GST Amount(₹)0Sales date2025-03-10CancelConfirm,Filled,
2026-01-30T07:20:01.051Z,32,KL2410000051,Tue Dec 31 2024 05:30:00 GMT+0530 (India Standard Time),0.00289575,05AAACP0278J1ZI,,Failed,Submit disabled: some required fields still missing.
2026-01-30T07:20:10.886Z,37,KL2410000062,Wed Jan 29 2025 05:30:00 GMT+0530 (India Standard Time),0.023388750000000003,05AAACP0278J1ZI,,Failed,Submit disabled: some required fields still missing.
2026-01-30T07:20:30.483Z,44,KL2410000071,Mon Feb 03 2025 05:30:00 GMT+0530 (India Standard Time),16.769585250000002,05AAACP0278J1ZI,202601307319205,Filled,× Success Sales Receipt Added
2026-01-30T07:21:02.367Z,32,KL2410000051,Tue Dec 31 2024 05:30:00 GMT+0530 (India Standard Time),0.00289575,05AAACP0278J1ZI,,Failed,Submit disabled: some required fields still missing.
2026-01-30T07:21:11.477Z,37,KL2410000062,Wed Jan 29 2025 05:30:00 GMT+0530 (India Standard Time),0.023388750000000003,05AAACP0278J1ZI,,Failed,Submit disabled: some required fields still missing.
2026-01-30T07:21:19.014Z,45,KL2410000072,Tue Feb 04 2025 05:30:00 GMT+0530 (India Standard Time),9.021375,05AAACP0278J1ZI,202601307319260,Filled,× Success Sales Receipt Added
2026-01-30T07:21:35.064Z,46,KL2410000073,Tue Feb 04 2025 05:30:00 GMT+0530 (India Standard Time),16.7396625,05AAACP0278J1ZI,202601307319277,Filled,× Success Sales Receipt Added
2026-01-30T07:21:50.027Z,47,KL2410000074,Mon Feb 10 2025 05:30:00 GMT+0530 (India Standard Time),16.893211500000003,05AAACP0278J1ZI,202601307319294,Filled,× Success Sales Receipt Added
2026-01-30T07:22:08.187Z,48,KL2410000076,Thu Feb 13 2025 05:30:00 GMT+0530 (India Standard Time),17.02678725,05AAACP0278J1ZI,202601307319315,Filled,× Success Sales Receipt Added
2026-01-30T07:22:24.832Z,49,KL2410000077,Fri Feb 14 2025 05:30:00 GMT+0530 (India Standard Time),0.20010375000000002,05AAACP0278J1ZI,202601307319336,Filled,× Success Sales Receipt Added
2026-01-30T07:22:41.932Z,50,KL2410000079,Fri Feb 14 2025 05:30:00 GMT+0530 (India Standard Time),0.2599678125,05AAACP0278J1ZI,202601307319355,Filled,× Success Sales Receipt Added
2026-01-30T07:22:59.929Z,51,KL2410000080,Tue Feb 18 2025 05:30:00 GMT+0530 (India Standard Time),0.13402125,05AAACP0278J1ZI,202601307319374,Filled,× Success Sales Receipt Added
2026-01-30T07:23:17.810Z,52,KL2410000082,Wed Feb 19 2025 05:30:00 GMT+0530 (India Standard Time),0.09504000000000001,05AAACP0278J1ZI,202601307319395,Filled,× Success Sales Receipt Added
2026-01-30T07:23:36.156Z,53,KL2410000083,Wed Feb 19 2025 05:30:00 GMT+0530 (India Standard Time),6.14886525,05AAACP0278J1ZI,202601307319417,Filled,× Success Sales Receipt Added
2026-01-30T07:23:54.711Z,54,KL2410000084,Wed Feb 19 2025 05:30:00 GMT+0530 (India Standard Time),2.6556255,05AAACP0278J1ZI,Confirm Entered Details×Please check and confirm the following details. These details cannot be changed later.entity_stateEXPORTQuantity Sold(MT)2.66Name of the EntityPOLYPLEX USA LLCAddressUSAGST No. of Seller05AAACP0278J1ZIhsnCode39206220invnoKL2410000084Bank Account No00030310001330IFSC CodeHDFC0000003Principal Amount(₹)827943.38GST Amount(₹)0Sales date2025-02-19CancelConfirm,Filled,× Error Invalid HSN entered
2026-01-30T07:25:43.573Z,32,KL2410000051,Tue Dec 31 2024 05:30:00 GMT+0530 (India Standard Time),0.00289575,05AAACP0278J1ZI,,Failed,Submit disabled: some required fields still missing.
2026-01-30T07:25:48.875Z,37,KL2410000062,Wed Jan 29 2025 05:30:00 GMT+0530 (India Standard Time),0.023388750000000003,05AAACP0278J1ZI,,Failed,Submit disabled: some required fields still missing.
2026-01-30T07:25:56.039Z,55,KL2410000086,Thu Feb 27 2025 05:30:00 GMT+0530 (India Standard Time),15.093465749999998,05AAACP0278J1ZI,202601307319557,Filled,× Success Sales Receipt Added
2026-01-30T07:26:12.789Z,56,KL2410000087,Thu Feb 27 2025 05:30:00 GMT+0530 (India Standard Time),16.8376725,05AAACP0278J1ZI,202601307319579,Filled,× Success Sales Receipt Added
2026-01-30T07:26:28.173Z,57,KL2410000088,Thu Feb 27 2025 05:30:00 GMT+0530 (India Standard Time),11.1011175,05AAACP0278J1ZI,202601307319596,Filled,× Success Sales Receipt Added
2026-01-30T07:26:45.254Z,58,KL2410000089,Fri Feb 28 2025 05:30:00 GMT+0530 (India Standard Time),16.9549875,05AAACP0278J1ZI,202601307319615,Filled,× Success Sales Receipt Added
2026-01-30T07:27:03.977Z,59,KL2410000090,Tue Mar 04 2025 05:30:00 GMT+0530 (India Standard Time),12.6080955,05AAACP0278J1ZI,202601307319632,Filled,× Success Sales Receipt Added
2026-01-30T07:27:20.069Z,60,KL2410000091,Tue Mar 04 2025 05:30:00 GMT+0530 (India Standard Time),0.48492675,05AAACP0278J1ZI,202601307319650,Filled,× Success Sales Receipt Added
2026-01-30T07:27:38.710Z,61,KL2410000092,Tue Mar 04 2025 05:30:00 GMT+0530 (India Standard Time),6.8451075,05AAACP0278J1ZI,202601307319674,Filled,× Success Sales Receipt Added
2026-01-30T07:27:54.212Z,62,KL2410000092,Tue Mar 04 2025 05:30:00 GMT+0530 (India Standard Time),6.8451075,05AAACP0278J1ZI,202601307319692,Filled,× Success Sales Receipt Added
2026-01-30T07:28:12.562Z,63,KL2410000093,Tue Mar 04 2025 05:30:00 GMT+0530 (India Standard Time),3.0706087500000003,05AAACP0278J1ZI,202601307319713,Filled,× Success Sales Receipt Added
2026-01-30T07:28:29.215Z,64,KL2410000094,Wed Mar 05 2025 05:30:00 GMT+0530 (India Standard Time),4.8495645000000005,05AAACP0278J1ZI,202601307319734,Filled,× Success Sales Receipt Added
2026-01-30T07:28:47.168Z,65,KL2410000095,Wed Mar 05 2025 05:30:00 GMT+0530 (India Standard Time),7.918762499999999,05AAACP0278J1ZI,202601307319759,Filled,× Success Sales Receipt Added
2026-01-30T07:29:06.339Z,66,KL2410000096,Wed Mar 05 2025 05:30:00 GMT+0530 (India Standard Time),0.8916682500000002,05AAACP0278J1ZI,202601307319781,Filled,× Success Sales Receipt Added
2026-01-30T07:29:24.158Z,67,KL2410000101,Fri Mar 07 2025 05:30:00 GMT+0530 (India Standard Time),14.31176175,05AAACP0278J1ZI,202601307319802,Filled,× Success Sales Receipt Added
2026-01-30T07:29:40.992Z,68,KL2410000103,Sat Mar 08 2025 05:30:00 GMT+0530 (India Standard Time),1.6332772500000001,05AAACP0278J1ZI,Confirm Entered Details×Please check and confirm the following details. These details cannot be changed later.entity_stateEXPORTQuantity Sold(MT)1.63Name of the EntityPrintarm Danvest LLCAddressArmeniaGST No. of Seller05AAACP0278J1ZIhsnCode39206290invnoKL2410000103Bank Account No00030310001330IFSC CodeHDFC0000003Principal Amount(₹)994319.8200000001GST Amount(₹)0Sales date2025-03-08CancelConfirm,Filled,
2026-01-30T07:30:20.026Z,69,KL2410000104,Mon Mar 10 2025 05:30:00 GMT+0530 (India Standard Time),0.39426750000000005,05AAACP0278J1ZI,202601307319871,Filled,× Success Sales Receipt Added
2026-01-30T07:30:35.986Z,70,KL2410000106,Fri Mar 21 2025 05:30:00 GMT+0530 (India Standard Time),0.19847025000000004,05AAACP0278J1ZI,202601307319884,Filled,× Success Sales Receipt Added
2026-01-30T07:30:52.348Z,71,KL2410000107,Tue Mar 25 2025 05:30:00 GMT+0530 (India Standard Time),16.4426625,05AAACP0278J1ZI,202601307319885,Filled,× Success Sales Receipt Added
2026-01-30T07:31:11.278Z,72,KL2410000110,Fri Mar 28 2025 05:30:00 GMT+0530 (India Standard Time),16.3090125,05AAACP0278J1ZI,202601307319900,Filled,× Success Sales Receipt Added
2026-01-30T07:31:27.742Z,73,KL2410000111,Sun Mar 30 2025 05:30:00 GMT+0530 (India Standard Time),16.725852000000003,05AAACP0278J1ZI,Confirm Entered Details×Please check and confirm the following details. These details cannot be changed later.entity_stateEXPORTQuantity Sold(MT)16.73Name of the EntityAvery Dennison Israel LTD.AddressIsraelGST No. of Seller05AAACP0278J1ZIhsnCode39206220invnoKL2410000111Bank Account No00030310001330IFSC CodeHDFC0000003Principal Amount(₹)6498757.140000001GST Amount(₹)0Sales date2025-03-30CancelConfirm,Filled,
2026-01-30T07:31:57.043Z,74,KL2410000112,Sun Mar 30 2025 05:30:00 GMT+0530 (India Standard Time),9.01692,05AAACP0278J1ZI,202601307319909,Filled,× Success Sales Receipt Added
2026-01-30T07:32:15.242Z,75,KT2410000001,Mon Apr 01 2024 05:30:00 GMT+0530 (India Standard Time),13.397967000000003,05AAACP0278J1ZI,202601307319911,Filled,× Success Sales Receipt Added
2026-01-30T07:32:31.626Z,76,KT2410000005,Wed Apr 10 2024 05:30:00 GMT+0530 (India Standard Time),16.630143750000002,05AAACP0278J1ZI,202601307319915,Filled,× Success Sales Receipt Added
2026-01-30T07:32:48.451Z,77,KT2410000006,Thu Apr 11 2024 05:30:00 GMT+0530 (India Standard Time),16.70328,05AAACP0278J1ZI,202601307319922,Filled,× Success Sales Receipt Added
2026-01-30T07:33:05.296Z,78,KT2410000007,Fri Apr 12 2024 05:30:00 GMT+0530 (India Standard Time),16.597770750000002,05AAACP0278J1ZI,202601307319924,Filled,× Success Sales Receipt Added
2026-01-30T07:33:22.283Z,79,KT2410000008,Sat Apr 13 2024 05:30:00 GMT+0530 (India Standard Time),16.7292675,05AAACP0278J1ZI,202601307319927,Filled,× Success Sales Receipt Added
2026-01-30T07:33:37.693Z,80,KT2410000009,Sat Apr 13 2024 05:30:00 GMT+0530 (India Standard Time),16.700904,05AAACP0278J1ZI,202601307319929,Filled,× Success Sales Receipt Added
2026-01-30T07:33:54.239Z,81,KT2410000010,Tue Apr 16 2024 05:30:00 GMT+0530 (India Standard Time),16.83099,05AAACP0278J1ZI,202601307319933,Filled,× Success Sales Receipt Added
2026-01-30T07:34:10.965Z,82,KT2410000013,Sat Apr 20 2024 05:30:00 GMT+0530 (India Standard Time),16.73298,05AAACP0278J1ZI,202601307319938,Filled,× Success Sales Receipt Added
2026-01-30T07:34:26.846Z,83,KT2410000014,Mon Apr 22 2024 05:30:00 GMT+0530 (India Standard Time),16.58745,05AAACP0278J1ZI,202601307319941,Filled,× Success Sales Receipt Added
2026-01-30T07:34:42.686Z,84,KT2410000015,Fri Apr 26 2024 05:30:00 GMT+0530 (India Standard Time),9.386685,05AAACP0278J1ZI,Confirm Entered Details×Please check and confirm the following details. These details cannot be changed later.entity_stateEXPORTQuantity Sold(MT)9.39Name of the EntityTMA Australia Pty LtdAddressAustraliaGST No. of Seller05AAACP0278J1ZIhsnCode39206220invnoKT2410000015Bank Account No00030310001330IFSC CodeHDFC0000003Principal Amount(₹)7897657.31GST Amount(₹)1421578.29Sales date2024-04-26CancelConfirm,Filled,
2026-01-30T07:35:09.599Z,85,KT2410000016,Sat Apr 27 2024 05:30:00 GMT+0530 (India Standard Time),13.662668250000001,05AAACP0278J1ZI,202601307319949,Filled,× Success Sales Receipt Added
2026-01-30T07:35:27.005Z,86,KT2410000017,Sun Apr 28 2024 05:30:00 GMT+0530 (India Standard Time),14.2849575,05AAACP0278J1ZI,202601307319957,Filled,× Success Sales Receipt Added
2026-01-30T07:35:42.540Z,87,KT2410000018,Sun Apr 28 2024 05:30:00 GMT+0530 (India Standard Time),7.893369000000001,05AAACP0278J1ZI,202601307319964,Filled,× Success Sales Receipt Added
2026-01-30T07:35:58.615Z,88,KT2410000018,Sun Apr 28 2024 05:30:00 GMT+0530 (India Standard Time),7.893369000000001,05AAACP0278J1ZI,202601307319973,Filled,× Success Sales Receipt Added
2026-01-30T07:36:13.631Z,89,KT2410000021,Tue Apr 30 2024 05:30:00 GMT+0530 (India Standard Time),16.549434,05AAACP0278J1ZI,202601307319978,Filled,× Success Sales Receipt Added
2026-01-30T07:36:28.876Z,90,KT2410000022,Wed May 01 2024 05:30:00 GMT+0530 (India Standard Time),13.745902500000001,05AAACP0278J1ZI,202601307319984,Filled,× Success Sales Receipt Added
2026-01-30T07:36:46.163Z,91,KT2410000023,Wed May 01 2024 05:30:00 GMT+0530 (India Standard Time),13.745902500000001,05AAACP0278J1ZI,202601307319993,Filled,× Success Sales Receipt Added
2026-01-30T07:36:51.029Z,91,KT2410000023,Wed May 01 2024 05:30:00 GMT+0530 (India Standard Time),13.745902500000001,05AAACP0278J1ZI,,Failed,"page.waitForTimeout: Target page, context or browser has been closed"
2026-01-30T07:37:10.535Z,32,KL2410000051,Tue Dec 31 2024 05:30:00 GMT+0530 (India Standard Time),0.00289575,05AAACP0278J1ZI,,Failed,Submit disabled: some required fields still missing.
2026-01-30T07:37:17.238Z,37,KL2410000062,Wed Jan 29 2025 05:30:00 GMT+0530 (India Standard Time),0.023388750000000003,05AAACP0278J1ZI,,Failed,Submit disabled: some required fields still missing.
2026-01-30T07:37:28.345Z,92,KT2410000024,Thu May 02 2024 05:30:00 GMT+0530 (India Standard Time),5.52308625,05AAACP0278J1ZI,202601307319999,Filled,× Success Sales Receipt Added
2026-01-30T07:37:45.615Z,93,KT2410000025,Thu May 02 2024 05:30:00 GMT+0530 (India Standard Time),4.85275725,05AAACP0278J1ZI,202601307320003,Filled,× Success Sales Receipt Added
2026-01-30T07:37:48.224Z,93,KT2410000025,Thu May 02 2024 05:30:00 GMT+0530 (India Standard Time),4.85275725,05AAACP0278J1ZI,,Failed,"page.waitForTimeout: Target page, context or browser has been closed"
2026-01-30T07:38:11.886Z,32,KL2410000051,Tue Dec 31 2024 05:30:00 GMT+0530 (India Standard Time),0.00289575,05AAACP0278J1ZI,,Failed,Submit disabled: some required fields still missing.
2026-01-30T07:38:19.009Z,37,KL2410000062,Wed Jan 29 2025 05:30:00 GMT+0530 (India Standard Time),0.023388750000000003,05AAACP0278J1ZI,,Failed,Submit disabled: some required fields still missing.
2026-01-30T07:38:26.923Z,94,KT2410000026,Thu May 02 2024 05:30:00 GMT+0530 (India Standard Time),14.520627000000001,05AAACP0278J1ZI,202601307320014,Filled,× Success Sales Receipt Added
2026-01-30T07:38:45.958Z,95,KT2410000027,Fri May 03 2024 05:30:00 GMT+0530 (India Standard Time),14.510306250000001,05AAACP0278J1ZI,202601307320021,Filled,× Success Sales Receipt Added
2026-01-30T07:39:04.526Z,96,KT2410000033,Tue May 07 2024 05:30:00 GMT+0530 (India Standard Time),16.5896775,05AAACP0278J1ZI,202601307320023,Filled,× Success Sales Receipt Added
2026-01-30T07:39:23.038Z,97,KT2410000034,Tue May 07 2024 05:30:00 GMT+0530 (India Standard Time),15.114849749999998,05AAACP0278J1ZI,202601307320026,Filled,× Success Sales Receipt Added
2026-01-30T07:39:39.833Z,98,KT2410000035,Thu May 09 2024 05:30:00 GMT+0530 (India Standard Time),15.1328925,05AAACP0278J1ZI,202601307320030,Filled,× Success Sales Receipt Added
2026-01-30T07:39:59.307Z,99,KT2410000036,Thu May 09 2024 05:30:00 GMT+0530 (India Standard Time),8.690071500000002,05AAACP0278J1ZI,202601307320033,Filled,× Success Sales Receipt Added
2026-01-30T07:40:18.427Z,100,KT2410000037,Fri May 10 2024 05:30:00 GMT+0530 (India Standard Time),13.87264725,05AAACP0278J1ZI,202601307320036,Filled,× Success Sales Receipt Added
2026-01-30T07:40:33.785Z,101,KT2410000038,Fri May 10 2024 05:30:00 GMT+0530 (India Standard Time),13.570969499999999,05AAACP0278J1ZI,202601307320037,Filled,× Success Sales Receipt Added
2026-01-30T07:40:52.734Z,102,KT2410000039,Fri May 10 2024 05:30:00 GMT+0530 (India Standard Time),13.247091000000001,05AAACP0278J1ZI,Confirm Entered Details×Please check and confirm the following details. These details cannot be changed later.entity_stateEXPORTQuantity Sold(MT)13.25Name of the EntityTRANSPARENT PAPER LTD.AddressSwitzerlandGST No. of Seller05AAACP0278J1ZIhsnCode39206220invnoKT2410000039Bank Account No00030310001330IFSC CodeHDFC0000003Principal Amount(₹)4265617.35GST Amount(₹)767811.02Sales date2024-05-10CancelConfirm,Filled,
2026-01-30T07:42:39.278Z,32,KL2410000051,Tue Dec 31 2024 05:30:00 GMT+0530 (India Standard Time),0.00289575,05AAACP0278J1ZI,,Failed,Submit disabled: some required fields still missing.
2026-01-30T07:42:48.115Z,37,KL2410000062,Wed Jan 29 2025 05:30:00 GMT+0530 (India Standard Time),0.023388750000000003,05AAACP0278J1ZI,,Failed,Submit disabled: some required fields still missing.
2026-01-30T07:42:57.829Z,103,KT2410000040,Sat May 11 2024 05:30:00 GMT+0530 (India Standard Time),14.132002500000002,05AAACP0278J1ZI,202601307320058,Filled,× Success Sales Receipt Added
2026-01-30T07:43:17.321Z,104,KT2410000041,Sat May 11 2024 05:30:00 GMT+0530 (India Standard Time),10.208781,05AAACP0278J1ZI,202601307320059,Filled,× Success Sales Receipt Added
2026-01-30T07:43:36.891Z,105,KT2410000042,Sat May 11 2024 05:30:00 GMT+0530 (India Standard Time),10.024938,05AAACP0278J1ZI,202601307320062,Filled,× Success Sales Receipt Added
2026-01-30T07:43:55.428Z,106,KT2410000043,Sun May 12 2024 05:30:00 GMT+0530 (India Standard Time),12.8436165,05AAACP0278J1ZI,202601307320064,Filled,× Success Sales Receipt Added
2026-01-30T07:44:12.033Z,107,KT2410000044,Sun May 12 2024 05:30:00 GMT+0530 (India Standard Time),13.8350025,05AAACP0278J1ZI,202601307320065,Filled,× Success Sales Receipt Added
2026-01-30T07:44:28.328Z,108,KT2410000045,Mon May 13 2024 05:30:00 GMT+0530 (India Standard Time),13.482612000000001,05AAACP0278J1ZI,202601307320068,Filled,× Success Sales Receipt Added
2026-01-30T07:44:46.805Z,109,KT2410000047,Tue May 14 2024 05:30:00 GMT+0530 (India Standard Time),13.4794935,05AAACP0278J1ZI,202601307320069,Filled,× Success Sales Receipt Added
2026-01-30T07:45:05.870Z,110,KT2410000048,Tue May 14 2024 05:30:00 GMT+0530 (India Standard Time),13.482612000000001,05AAACP0278J1ZI,202601307320072,Filled,× Success Sales Receipt Added
2026-01-30T07:45:24.639Z,111,KT2410000049,Tue May 14 2024 05:30:00 GMT+0530 (India Standard Time),13.974592500000002,05AAACP0278J1ZI,202601307320073,Filled,× Success Sales Receipt Added
2026-01-30T07:45:41.666Z,112,KT2410000050,Thu May 16 2024 05:30:00 GMT+0530 (India Standard Time),15.471992250000003,05AAACP0278J1ZI,202601307320075,Filled,× Success Sales Receipt Added
2026-01-30T07:45:57.617Z,113,KT2410000051,Sat May 18 2024 05:30:00 GMT+0530 (India Standard Time),16.4405835,05AAACP0278J1ZI,202601307320077,Filled,× Success Sales Receipt Added
2026-01-30T07:46:17.032Z,114,KT2410000052,Sat May 18 2024 05:30:00 GMT+0530 (India Standard Time),16.184569500000002,05AAACP0278J1ZI,202601307320078,Filled,× Success Sales Receipt Added
2026-01-30T07:46:33.464Z,115,KT2410000053,Sat May 18 2024 05:30:00 GMT+0530 (India Standard Time),8.541423000000002,05AAACP0278J1ZI,202601307320080,Filled,× Success Sales Receipt Added
2026-01-30T07:46:50.178Z,116,KT2410000056,Thu May 23 2024 05:30:00 GMT+0530 (India Standard Time),16.734465,05AAACP0278J1ZI,202601307320082,Filled,× Success Sales Receipt Added
2026-01-30T07:47:09.391Z,117,KT2410000057,Fri May 24 2024 05:30:00 GMT+0530 (India Standard Time),3.5100202499999997,05AAACP0278J1ZI,202601307320085,Filled,× Success Sales Receipt Added
2026-01-30T07:47:26.957Z,118,KT2410000058,Fri May 24 2024 05:30:00 GMT+0530 (India Standard Time),8.288304750000002,05AAACP0278J1ZI,202601307320087,Filled,× Success Sales Receipt Added
2026-01-30T07:47:42.225Z,119,KT2410000063,Thu May 30 2024 05:30:00 GMT+0530 (India Standard Time),6.4783125,05AAACP0278J1ZI,Confirm Entered Details×Please check and confirm the following details. These details cannot be changed later.entity_stateEXPORTQuantity Sold(MT)6.48Name of the EntityTOKAN TRADING CORPORATIONAddressJapanGST No. of Seller05AAACP0278J1ZIhsnCode39206220invnoKT2410000063Bank Account No00030310001330IFSC CodeHDFC0000003Principal Amount(₹)3605606.25GST Amount(₹)649009.13Sales date2024-05-30CancelConfirm,Filled,× Error Http failure response for https://eprplastic.cpcb.gov.in/epr/m3/api/v1.0/pwp/add_sales_recycling: 401 Unauthorized × Error Login Again × Session expired. Please login again.
2026-01-31T06:09:03.209Z,32,KL2410000051,Tue Dec 31 2024 05:30:00 GMT+0530 (India Standard Time),0.00289575,05AAACP0278J1ZI,,Failed,Submit disabled: some required fields still missing.
2026-01-31T06:11:02.961Z,32,KL2410000051,Tue Dec 31 2024 05:30:00 GMT+0530 (India Standard Time),0.00289575,05AAACP0278J1ZI,,Failed,Submit disabled: some required fields still missing.
2026-01-31T06:11:29.903Z,37,KL2410000062,Wed Jan 29 2025 05:30:00 GMT+0530 (India Standard Time),0.023388750000000003,05AAACP0278J1ZI,,Failed,Submit disabled: some required fields still missing.
2026-01-31T06:11:42.694Z,120,KT2410000065,Tue Jun 04 2024 05:30:00 GMT+0530 (India Standard Time),14.5264185,05AAACP0278J1ZI,202601317325749,Filled,× Success Sales Receipt Added
2026-01-31T06:11:56.522Z,121,KT2410000066,Tue Jun 04 2024 05:30:00 GMT+0530 (India Standard Time),9.666310500000002,05AAACP0278J1ZI,202601317325761,Filled,× Success Sales Receipt Added
2026-01-31T06:12:10.435Z,122,KT2410000067,Tue Jun 04 2024 05:30:00 GMT+0530 (India Standard Time),5.12228475,05AAACP0278J1ZI,202601317325780,Filled,× Success Sales Receipt Added
2026-01-31T06:12:24.307Z,123,KT2410000069,Thu Jun 06 2024 05:30:00 GMT+0530 (India Standard Time),14.584779,05AAACP0278J1ZI,202601317325797,Filled,× Success Sales Receipt Added
2026-01-31T06:12:38.210Z,124,KT2410000070,Thu Jun 06 2024 05:30:00 GMT+0530 (India Standard Time),3.7236375,05AAACP0278J1ZI,202601317325817,Filled,× Success Sales Receipt Added
2026-01-31T06:12:52.063Z,125,KT2410000071,Thu Jun 06 2024 05:30:00 GMT+0530 (India Standard Time),4.684581,05AAACP0278J1ZI,202601317325838,Filled,× Success Sales Receipt Added
2026-01-31T06:13:05.985Z,126,KT2410000072,Sun Jun 09 2024 05:30:00 GMT+0530 (India Standard Time),6.718288500000002,05AAACP0278J1ZI,202601317325858,Filled,× Success Sales Receipt Added
2026-01-31T06:13:19.954Z,127,KT2410000073,Tue Jun 11 2024 05:30:00 GMT+0530 (India Standard Time),13.745902500000001,05AAACP0278J1ZI,202601317325867,Filled,× Success Sales Receipt Added
2026-01-31T06:13:33.903Z,128,KT2410000074,Tue Jun 11 2024 05:30:00 GMT+0530 (India Standard Time),0.16854750000000002,05AAACP0278J1ZI,202601317325873,Filled,× Success Sales Receipt Added
2026-01-31T06:13:47.785Z,129,KT2410000075,Tue Jun 11 2024 05:30:00 GMT+0530 (India Standard Time),14.46100425,05AAACP0278J1ZI,202601317325883,Filled,× Success Sales Receipt Added
2026-01-31T06:14:01.650Z,130,KT2410000076,Wed Jun 12 2024 05:30:00 GMT+0530 (India Standard Time),13.745902500000001,05AAACP0278J1ZI,202601317325901,Filled,× Success Sales Receipt Added
2026-01-31T06:14:15.532Z,131,KT2410000077,Mon Jun 17 2024 05:30:00 GMT+0530 (India Standard Time),17.022109500000003,05AAACP0278J1ZI,202601317325917,Filled,× Success Sales Receipt Added
2026-01-31T06:14:29.449Z,132,KT2410000078,Mon Jun 17 2024 05:30:00 GMT+0530 (India Standard Time),15.037629750000002,05AAACP0278J1ZI,202601317325933,Filled,× Success Sales Receipt Added
2026-01-31T06:14:43.324Z,133,KT2410000079,Tue Jun 18 2024 05:30:00 GMT+0530 (India Standard Time),3.9617572500000002,05AAACP0278J1ZI,Confirm Entered Details×Please check and confirm the following details. These details cannot be changed later.entity_stateEXPORTQuantity Sold(MT)3.96Name of the EntityPOLYPLEX USA LLCAddressUSAGST No. of Seller05AAACP0278J1ZIhsnCode39206220invnoKT2410000079Bank Account No00030310001330IFSC CodeHDFC0000003Principal Amount(₹)1119451.37GST Amount(₹)201501.22Sales date2024-06-18CancelConfirm,Filled,
2026-01-31T06:14:57.167Z,134,KT2410000080,Tue Jun 18 2024 05:30:00 GMT+0530 (India Standard Time),6.638841,05AAACP0278J1ZI,202601317325940,Filled,× Success Sales Receipt Added
2026-01-31T06:15:10.916Z,135,KT2410000081,Tue Jun 18 2024 05:30:00 GMT+0530 (India Standard Time),3.4405965000000003,05AAACP0278J1ZI,202601317325955,Filled,× Success Sales Receipt Added
2026-01-31T06:15:24.760Z,136,KT2410000082,Tue Jun 18 2024 05:30:00 GMT+0530 (India Standard Time),14.206995000000001,05AAACP0278J1ZI,202601317325971,Filled,× Success Sales Receipt Added
2026-01-31T06:15:38.649Z,137,KT2410000083,Wed Jun 19 2024 05:30:00 GMT+0530 (India Standard Time),8.146116000000001,05AAACP0278J1ZI,202601317325987,Filled,× Success Sales Receipt Added
2026-01-31T06:15:52.662Z,138,KT2410000084,Wed Jun 19 2024 05:30:00 GMT+0530 (India Standard Time),8.6850225,05AAACP0278J1ZI,202601317325993,Filled,× Success Sales Receipt Added
2026-01-31T06:16:06.454Z,139,KT2410000085,Wed Jun 19 2024 05:30:00 GMT+0530 (India Standard Time),16.465754250000003,05AAACP0278J1ZI,202601317326009,Filled,× Success Sales Receipt Added
2026-01-31T06:16:20.305Z,140,KT2410000086,Wed Jun 19 2024 05:30:00 GMT+0530 (India Standard Time),16.811536500000003,05AAACP0278J1ZI,202601317326028,Filled,× Success Sales Receipt Added
2026-01-31T06:16:34.136Z,141,KT2410000088,Thu Jun 20 2024 05:30:00 GMT+0530 (India Standard Time),16.666971750000002,05AAACP0278J1ZI,Confirm Entered Details×Please check and confirm the following details. These details cannot be changed later.entity_stateEXPORTQuantity Sold(MT)16.67Name of the EntityRetana Transamerica  S.A.AddressUruguayGST No. of Seller05AAACP0278J1ZIhsnCode39206220invnoKT2410000088Bank Account No00030310001330IFSC CodeHDFC0000003Principal Amount(₹)4079087.01GST Amount(₹)734235.66Sales date2024-06-20CancelConfirm,Filled,
2026-01-31T06:18:48.688Z,32,KL2410000051,Tue Dec 31 2024 05:30:00 GMT+0530 (India Standard Time),0.00289575,05AAACP0278J1ZI,,Failed,Submit disabled: some required fields still missing.
2026-01-31T06:18:57.786Z,37,KL2410000062,Wed Jan 29 2025 05:30:00 GMT+0530 (India Standard Time),0.023388750000000003,05AAACP0278J1ZI,,Failed,Submit disabled: some required fields still missing.
2026-01-31T06:19:05.857Z,142,KT2410000089,Fri Jun 21 2024 05:30:00 GMT+0530 (India Standard Time),16.795572750000005,05AAACP0278J1ZI,202601317326153,Filled,× Success Sales Receipt Added
2026-01-31T06:19:58.034Z,143,KT2410000090,Sat Jun 22 2024 05:30:00 GMT+0530 (India Standard Time),16.375392,05AAACP0278J1ZI,202601317326191,Filled,× Success Sales Receipt Added
2026-01-31T06:21:02.038Z,144,KT2410000096,Fri Jun 28 2024 05:30:00 GMT+0530 (India Standard Time),0.98076825,05AAACP0278J1ZI,202601317326252,Filled,× Success Sales Receipt Added
2026-01-31T06:22:03.432Z,145,KT2410000096,Fri Jun 28 2024 05:30:00 GMT+0530 (India Standard Time),0.98076825,05AAACP0278J1ZI,202601317326314,Filled,× Success Sales Receipt Added
2026-01-31T06:22:17.364Z,146,KT2410000097,Fri Jun 28 2024 05:30:00 GMT+0530 (India Standard Time),3.0539025000000004,05AAACP0278J1ZI,202601317326326,Filled,× Success Sales Receipt Added
2026-01-31T06:22:31.247Z,147,KT2410000101,Sun Jun 30 2024 05:30:00 GMT+0530 (India Standard Time),7.1747775,05AAACP0278J1ZI,202601317326339,Filled,× Success Sales Receipt Added
2026-01-31T06:22:45.057Z,148,KT2410000102,Sun Jun 30 2024 05:30:00 GMT+0530 (India Standard Time),8.766697500000001,05AAACP0278J1ZI,202601317326356,Filled,× Success Sales Receipt Added
2026-01-31T06:22:59.053Z,149,KT2410000103,Sun Jun 30 2024 05:30:00 GMT+0530 (India Standard Time),2.072466,05AAACP0278J1ZI,202601317326372,Filled,× Success Sales Receipt Added
2026-01-31T06:23:12.938Z,150,KT2410000104,Sun Jun 30 2024 05:30:00 GMT+0530 (India Standard Time),5.8730265,05AAACP0278J1ZI,202601317326394,Filled,× Success Sales Receipt Added
2026-01-31T06:23:26.770Z,151,KT2410000105,Sun Jun 30 2024 05:30:00 GMT+0530 (India Standard Time),12.639429000000002,05AAACP0278J1ZI,202601317326413,Filled,× Success Sales Receipt Added
2026-01-31T06:23:40.774Z,152,KT2410000106,Sun Jun 30 2024 05:30:00 GMT+0530 (India Standard Time),2.270268,05AAACP0278J1ZI,202601317326437,Filled,× Success Sales Receipt Added
2026-01-31T06:23:54.747Z,153,KT2410000107,Wed Jul 03 2024 05:30:00 GMT+0530 (India Standard Time),14.252807250000002,05AAACP0278J1ZI,202601317326459,Filled,× Success Sales Receipt Added
2026-01-31T06:24:08.601Z,154,KT2410000109,Sun Jul 14 2024 05:30:00 GMT+0530 (India Standard Time),0.6318675,05AAACP0278J1ZI,202601317326476,Filled,× Success Sales Receipt Added
2026-01-31T06:24:22.503Z,155,KT2410000110,Sun Jul 14 2024 05:30:00 GMT+0530 (India Standard Time),6.4634625,05AAACP0278J1ZI,202601317326499,Filled,× Success Sales Receipt Added
2026-01-31T06:24:36.341Z,156,KT2410000111,Wed Jul 17 2024 05:30:00 GMT+0530 (India Standard Time),7.7003189999999995,05AAACP0278J1ZI,202601317326516,Filled,× Success Sales Receipt Added
2026-01-31T06:24:50.273Z,157,KT2410000114,Tue Aug 13 2024 05:30:00 GMT+0530 (India Standard Time),14.441773500000004,05AAACP0278J1ZI,202601317326537,Filled,× Success Sales Receipt Added
2026-01-31T06:25:04.275Z,158,KT2410000117,Tue Aug 13 2024 05:30:00 GMT+0530 (India Standard Time),16.754364,05AAACP0278J1ZI,202601317326555,Filled,× Success Sales Receipt Added
2026-01-31T06:25:18.186Z,159,KT2410000118,Thu Aug 22 2024 05:30:00 GMT+0530 (India Standard Time),16.449196500000003,05AAACP0278J1ZI,202601317326575,Filled,× Success Sales Receipt Added
2026-01-31T06:25:32.064Z,160,KT2410000121,Tue Aug 27 2024 05:30:00 GMT+0530 (India Standard Time),0.7320307500000002,05AAACP0278J1ZI,202601317326596,Filled,× Success Sales Receipt Added
2026-01-31T06:25:45.900Z,161,KT2410000122,Tue Aug 27 2024 05:30:00 GMT+0530 (India Standard Time),15.8320305,05AAACP0278J1ZI,202601317326615,Filled,× Success Sales Receipt Added
2026-01-31T06:25:59.687Z,162,KT2410000123,Wed Aug 28 2024 05:30:00 GMT+0530 (India Standard Time),7.7358105,05AAACP0278J1ZI,202601317326636,Filled,× Success Sales Receipt Added
2026-01-31T06:26:13.758Z,163,KT2410000124,Thu Aug 29 2024 05:30:00 GMT+0530 (India Standard Time),16.688801250000004,05AAACP0278J1ZI,202601317326660,Filled,× Success Sales Receipt Added
2026-01-31T06:26:27.623Z,164,KT2410000125,Thu Aug 29 2024 05:30:00 GMT+0530 (India Standard Time),9.368865000000001,05AAACP0278J1ZI,202601317326681,Filled,× Success Sales Receipt Added
2026-01-31T06:26:41.508Z,165,KT2410000126,Wed Sep 04 2024 05:30:00 GMT+0530 (India Standard Time),5.2870455000000005,05AAACP0278J1ZI,202601317326697,Filled,× Success Sales Receipt Added
2026-01-31T06:26:55.408Z,166,KT2410000127,Sat Sep 07 2024 05:30:00 GMT+0530 (India Standard Time),14.591981250000002,05AAACP0278J1ZI,202601317326718,Filled,× Success Sales Receipt Added
2026-01-31T06:27:09.300Z,167,KT2410000128,Sun Sep 08 2024 05:30:00 GMT+0530 (India Standard Time),14.597401500000002,05AAACP0278J1ZI,202601317326739,Filled,× Success Sales Receipt Added
2026-01-31T06:27:23.208Z,168,KT2410000129,Wed Sep 11 2024 05:30:00 GMT+0530 (India Standard Time),12.921876000000003,05AAACP0278J1ZI,202601317326758,Filled,× Success Sales Receipt Added
2026-01-31T06:27:37.091Z,169,KT2410000130,Wed Sep 11 2024 05:30:00 GMT+0530 (India Standard Time),13.902273,05AAACP0278J1ZI,202601317326779,Filled,× Success Sales Receipt Added
2026-01-31T06:27:50.985Z,170,KT2410000144,Fri Sep 27 2024 05:30:00 GMT+0530 (India Standard Time),4.55813325,05AAACP0278J1ZI,202601317326801,Filled,× Success Sales Receipt Added
2026-01-31T06:28:04.846Z,171,KT2410000146,Sat Sep 28 2024 05:30:00 GMT+0530 (India Standard Time),14.768844749999998,05AAACP0278J1ZI,202601317326819,Filled,× Success Sales Receipt Added
2026-01-31T06:28:18.696Z,172,KT2410000152,Tue Oct 08 2024 05:30:00 GMT+0530 (India Standard Time),14.486100750000002,05AAACP0278J1ZI,202601317326836,Filled,× Success Sales Receipt Added
2026-01-31T06:28:32.613Z,173,KT2410000157,Sun Oct 13 2024 05:30:00 GMT+0530 (India Standard Time),16.426104750000004,05AAACP0278J1ZI,202601317326855,Filled,× Success Sales Receipt Added
2026-01-31T06:28:46.444Z,174,KT2410000158,Sun Oct 13 2024 05:30:00 GMT+0530 (India Standard Time),14.2493175,05AAACP0278J1ZI,202601317326874,Filled,× Success Sales Receipt Added
2026-01-31T06:29:00.377Z,175,KT2410000159,Tue Oct 15 2024 05:30:00 GMT+0530 (India Standard Time),12.953729249999999,05AAACP0278J1ZI,202601317326890,Filled,× Success Sales Receipt Added
2026-01-31T06:29:14.189Z,176,KT2410000160,Tue Oct 15 2024 05:30:00 GMT+0530 (India Standard Time),1.5436575000000001,05AAACP0278J1ZI,202601317326908,Filled,× Success Sales Receipt Added
2026-01-31T06:29:28.087Z,177,KT2410000161,Tue Oct 15 2024 05:30:00 GMT+0530 (India Standard Time),9.012465,05AAACP0278J1ZI,202601317326929,Filled,× Success Sales Receipt Added
2026-01-31T06:29:41.946Z,178,KT2410000162,Wed Oct 16 2024 05:30:00 GMT+0530 (India Standard Time),14.958776250000001,05AAACP0278J1ZI,202601317326950,Filled,× Success Sales Receipt Added
2026-01-31T06:29:55.875Z,179,KT2410000165,Thu Oct 17 2024 05:30:00 GMT+0530 (India Standard Time),14.958776250000001,05AAACP0278J1ZI,202601317326958,Filled,× Success Sales Receipt Added
2026-01-31T06:30:09.741Z,180,KT2410000167,Thu Oct 17 2024 05:30:00 GMT+0530 (India Standard Time),2.607066,05AAACP0278J1ZI,202601317326973,Filled,× Success Sales Receipt Added
2026-01-31T06:30:23.533Z,181,KT2410000168,Thu Oct 17 2024 05:30:00 GMT+0530 (India Standard Time),11.36136375,05AAACP0278J1ZI,202601317326982,Filled,× Success Sales Receipt Added
2026-01-31T06:30:37.471Z,182,KT2410000169,Fri Oct 18 2024 05:30:00 GMT+0530 (India Standard Time),16.607943000000002,05AAACP0278J1ZI,202601317326996,Filled,× Success Sales Receipt Added
2026-01-31T06:30:51.327Z,183,KT2410000172,Sat Oct 19 2024 05:30:00 GMT+0530 (India Standard Time),7.015065750000001,05AAACP0278J1ZI,202601317327000,Filled,× Success Sales Receipt Added
2026-01-31T06:31:05.193Z,184,KT2410000173,Sat Oct 19 2024 05:30:00 GMT+0530 (India Standard Time),7.494423750000001,05AAACP0278J1ZI,202601317327013,Filled,× Success Sales Receipt Added
2026-01-31T06:31:19.051Z,185,KT2410000174,Sat Oct 19 2024 05:30:00 GMT+0530 (India Standard Time),8.236998000000002,05AAACP0278J1ZI,202601317327021,Filled,× Success Sales Receipt Added
2026-01-31T06:31:32.764Z,186,KT2410000175,Sat Oct 19 2024 05:30:00 GMT+0530 (India Standard Time),7.103943000000001,05AAACP0278J1ZI,202601317327025,Filled,× Success Sales Receipt Added
2026-01-31T06:31:46.610Z,187,KT2410000176,Sat Oct 19 2024 05:30:00 GMT+0530 (India Standard Time),10.359508500000002,05AAACP0278J1ZI,202601317327047,Filled,× Success Sales Receipt Added
2026-01-31T06:32:00.449Z,188,KT2410000177,Sat Oct 19 2024 05:30:00 GMT+0530 (India Standard Time),0.558657,05AAACP0278J1ZI,202601317327058,Filled,× Success Sales Receipt Added
2026-01-31T06:32:14.374Z,189,KT2410000180,Tue Oct 22 2024 05:30:00 GMT+0530 (India Standard Time),15.478155000000001,05AAACP0278J1ZI,202601317327071,Filled,× Success Sales Receipt Added
2026-01-31T06:32:28.201Z,190,KT2410000181,Tue Oct 22 2024 05:30:00 GMT+0530 (India Standard Time),16.987509,05AAACP0278J1ZI,202601317327089,Filled,× Success Sales Receipt Added
2026-01-31T06:32:42.144Z,191,KT2410000182,Tue Oct 22 2024 05:30:00 GMT+0530 (India Standard Time),16.816734,05AAACP0278J1ZI,202601317327094,Filled,× Success Sales Receipt Added
2026-01-31T06:32:55.906Z,192,KT2410000183,Wed Oct 23 2024 05:30:00 GMT+0530 (India Standard Time),16.867224,05AAACP0278J1ZI,202601317327114,Filled,× Success Sales Receipt Added
2026-01-31T06:33:09.755Z,193,KT2410000184,Wed Oct 23 2024 05:30:00 GMT+0530 (India Standard Time),16.781094000000003,05AAACP0278J1ZI,202601317327121,Filled,× Success Sales Receipt Added
2026-01-31T06:33:23.605Z,194,KT2410000185,Thu Oct 24 2024 05:30:00 GMT+0530 (India Standard Time),8.36552475,05AAACP0278J1ZI,202601317327136,Filled,× Success Sales Receipt Added
2026-01-31T06:33:37.330Z,195,KT2410000186,Thu Oct 24 2024 05:30:00 GMT+0530 (India Standard Time),3.629934,05AAACP0278J1ZI,202601317327146,Filled,× Success Sales Receipt Added
2026-01-31T06:33:51.214Z,196,KT2410000186,Thu Oct 24 2024 05:30:00 GMT+0530 (India Standard Time),3.629934,05AAACP0278J1ZI,202601317327155,Filled,× Success Sales Receipt Added
2026-01-31T06:34:05.085Z,197,KT2410000196,Tue Oct 29 2024 05:30:00 GMT+0530 (India Standard Time),9.382749750000002,05AAACP0278J1ZI,202601317327165,Filled,× Success Sales Receipt Added
2026-01-31T06:34:18.939Z,198,KT2410000197,Wed Oct 30 2024 05:30:00 GMT+0530 (India Standard Time),7.329960000000001,05AAACP0278J1ZI,202601317327175,Filled,× Success Sales Receipt Added
2026-01-31T06:34:32.862Z,199,KT2410000198,Thu Oct 31 2024 05:30:00 GMT+0530 (India Standard Time),13.576909500000003,05AAACP0278J1ZI,202601317327189,Filled,× Success Sales Receipt Added
2026-01-31T06:34:46.821Z,200,KT2410000199,Thu Oct 31 2024 05:30:00 GMT+0530 (India Standard Time),14.1124005,05AAACP0278J1ZI,202601317327199,Filled,× Success Sales Receipt Added
2026-01-31T06:35:00.667Z,201,KT2410000200,Fri Nov 01 2024 05:30:00 GMT+0530 (India Standard Time),12.300403500000002,05AAACP0278J1ZI,202601317327211,Filled,× Success Sales Receipt Added
2026-01-31T06:35:14.526Z,202,KT2410000201,Sat Nov 02 2024 05:30:00 GMT+0530 (India Standard Time),14.606162999999999,05AAACP0278J1ZI,202601317327221,Filled,× Success Sales Receipt Added
2026-01-31T06:35:28.471Z,203,KT2410000202,Sun Nov 03 2024 05:30:00 GMT+0530 (India Standard Time),14.606162999999999,05AAACP0278J1ZI,202601317327237,Filled,× Success Sales Receipt Added
2026-01-31T06:35:42.336Z,204,KT2410000203,Sun Nov 03 2024 05:30:00 GMT+0530 (India Standard Time),13.25993625,05AAACP0278J1ZI,202601317327252,Filled,× Success Sales Receipt Added
2026-01-31T06:35:56.255Z,205,KT2410000204,Sun Nov 03 2024 05:30:00 GMT+0530 (India Standard Time),13.259862000000004,05AAACP0278J1ZI,202601317327256,Filled,× Success Sales Receipt Added
2026-01-31T06:36:10.238Z,206,KT2410000205,Sun Nov 03 2024 05:30:00 GMT+0530 (India Standard Time),13.853565000000001,05AAACP0278J1ZI,202601317327273,Filled,× Success Sales Receipt Added
2026-01-31T06:36:24.136Z,207,KT2410000209,Tue Nov 05 2024 05:30:00 GMT+0530 (India Standard Time),8.726676750000001,05AAACP0278J1ZI,202601317327286,Filled,× Success Sales Receipt Added
2026-01-31T06:36:38.080Z,208,KT2410000210,Tue Nov 05 2024 05:30:00 GMT+0530 (India Standard Time),4.469107500000001,05AAACP0278J1ZI,202601317327299,Filled,× Success Sales Receipt Added
2026-01-31T06:36:52.011Z,209,KT2410000211,Wed Nov 06 2024 05:30:00 GMT+0530 (India Standard Time),16.768323,05AAACP0278J1ZI,202601317327311,Filled,× Success Sales Receipt Added
2026-01-31T06:37:05.920Z,210,KT2410000212,Thu Nov 07 2024 05:30:00 GMT+0530 (India Standard Time),13.8996,05AAACP0278J1ZI,202601317327319,Filled,× Success Sales Receipt Added
2026-01-31T06:37:19.799Z,211,KT2410000213,Thu Nov 07 2024 05:30:00 GMT+0530 (India Standard Time),13.509639000000002,05AAACP0278J1ZI,202601317327333,Filled,× Success Sales Receipt Added
2026-01-31T06:37:33.633Z,212,KT2410000214,Thu Nov 07 2024 05:30:00 GMT+0530 (India Standard Time),13.543348500000002,05AAACP0278J1ZI,202601317327347,Filled,× Success Sales Receipt Added
2026-01-31T06:37:47.593Z,213,KT2410000215,Thu Nov 07 2024 05:30:00 GMT+0530 (India Standard Time),13.05619425,05AAACP0278J1ZI,202601317327356,Filled,× Success Sales Receipt Added
2026-01-31T06:38:01.459Z,214,KT2410000216,Fri Nov 08 2024 05:30:00 GMT+0530 (India Standard Time),16.084926,05AAACP0278J1ZI,202601317327363,Filled,× Success Sales Receipt Added
2026-01-31T06:38:15.343Z,215,KT2410000217,Fri Nov 08 2024 05:30:00 GMT+0530 (India Standard Time),16.92788625,05AAACP0278J1ZI,202601317327377,Filled,× Success Sales Receipt Added
2026-01-31T06:38:29.320Z,216,KT2410000218,Fri Nov 08 2024 05:30:00 GMT+0530 (India Standard Time),16.668828,05AAACP0278J1ZI,202601317327382,Filled,× Success Sales Receipt Added
2026-01-31T06:38:43.207Z,217,KT2410000219,Sat Nov 09 2024 05:30:00 GMT+0530 (India Standard Time),16.973253000000003,05AAACP0278J1ZI,202601317327395,Filled,× Success Sales Receipt Added
2026-01-31T06:38:57.042Z,218,KT2410000220,Tue Nov 12 2024 05:30:00 GMT+0530 (India Standard Time),3.3230587500000004,05AAACP0278J1ZI,202601317327408,Filled,× Success Sales Receipt Added
2026-01-31T06:39:10.922Z,219,KT2410000221,Tue Nov 12 2024 05:30:00 GMT+0530 (India Standard Time),6.6602250000000005,05AAACP0278J1ZI,202601317327420,Filled,× Success Sales Receipt Added
2026-01-31T06:39:24.810Z,220,KT2410000224,Tue Nov 19 2024 05:30:00 GMT+0530 (India Standard Time),14.9389515,05AAACP0278J1ZI,202601317327429,Filled,× Success Sales Receipt Added
2026-01-31T06:39:38.599Z,221,KT2410000225,Tue Nov 19 2024 05:30:00 GMT+0530 (India Standard Time),7.17849,05AAACP0278J1ZI,202601317327435,Filled,× Success Sales Receipt Added
2026-01-31T06:39:52.431Z,222,KT2410000226,Tue Nov 19 2024 05:30:00 GMT+0530 (India Standard Time),14.79951,05AAACP0278J1ZI,202601317327446,Filled,× Success Sales Receipt Added
2026-01-31T06:40:06.332Z,223,KT2410000227,Wed Nov 20 2024 05:30:00 GMT+0530 (India Standard Time),2.4923497500000003,05AAACP0278J1ZI,202601317327464,Filled,× Success Sales Receipt Added
2026-01-31T06:40:20.157Z,224,KT2410000228,Thu Nov 21 2024 05:30:00 GMT+0530 (India Standard Time),14.517879750000002,05AAACP0278J1ZI,202601317327482,Filled,× Success Sales Receipt Added
2026-01-31T06:40:33.975Z,225,KT2410000229,Fri Nov 22 2024 05:30:00 GMT+0530 (India Standard Time),16.901379,05AAACP0278J1ZI,202601317327498,Filled,× Success Sales Receipt Added
2026-01-31T06:40:47.836Z,226,KT2410000230,Tue Nov 26 2024 05:30:00 GMT+0530 (India Standard Time),14.43338325,05AAACP0278J1ZI,Confirm Entered Details×Please check and confirm the following details. These details cannot be changed later.entity_stateEXPORTQuantity Sold(MT)14.43Name of the EntityTRANSPARENT PAPER LTD.AddressSwitzerlandGST No. of Seller05AAACP0278J1ZIhsnCode39206290invnoKT2410000230Bank Account No00030310001330IFSC CodeHDFC0000003Principal Amount(₹)5694771.98GST Amount(₹)1025058.88Sales date2024-11-26CancelConfirm,Filled,
2026-01-31T06:42:58.396Z,32,KL2410000051,Tue Dec 31 2024 05:30:00 GMT+0530 (India Standard Time),0.00289575,05AAACP0278J1ZI,,Failed,"locator.waitFor: Timeout 20000ms exceeded. Call log: [2m  - waiting for locator('tbody#ScrollableSimpleTableBody tr').filter({ has: locator('span[title=""CAT-II""]') }).filter({ has: locator('span[title=""PET""]') }).first() to be visible[22m"
2026-01-31T06:43:38.302Z,37,KL2410000062,Wed Jan 29 2025 05:30:00 GMT+0530 (India Standard Time),0.023388750000000003,05AAACP0278J1ZI,,Failed,Submit disabled: some required fields still missing.
2026-01-31T06:44:55.389Z,227,KT2410000231,Tue Nov 26 2024 05:30:00 GMT+0530 (India Standard Time),14.54149125,05AAACP0278J1ZI,202601317327571,Filled,× Success Sales Receipt Added
2026-01-31T06:45:09.275Z,228,KT2410000234,Fri Nov 29 2024 05:30:00 GMT+0530 (India Standard Time),14.958776250000001,05AAACP0278J1ZI,202601317327575,Filled,× Success Sales Receipt Added
2026-01-31T06:45:23.198Z,229,KT2410000235,Fri Nov 29 2024 05:30:00 GMT+0530 (India Standard Time),2.9427502500000005,05AAACP0278J1ZI,202601317327578,Filled,× Success Sales Receipt Added
2026-01-31T06:45:37.142Z,230,KT2410000236,Fri Nov 29 2024 05:30:00 GMT+0530 (India Standard Time),8.3639655,05AAACP0278J1ZI,202601317327580,Filled,× Success Sales Receipt Added
2026-01-31T06:45:51.025Z,231,KT2410000247,Mon Dec 09 2024 05:30:00 GMT+0530 (India Standard Time),16.872272999999996,05AAACP0278J1ZI,20260131,Filled,× Success Sales Receipt Added
2026-01-31T06:46:04.955Z,232,KT2410000248,Mon Dec 09 2024 05:30:00 GMT+0530 (India Standard Time),17.047800000000002,05AAACP0278J1ZI,,Filled,× Error Invalid HSN entered
2026-01-31T06:47:06.065Z,233,KT2410000249,Tue Dec 10 2024 05:30:00 GMT+0530 (India Standard Time),17.14573575,05AAACP0278J1ZI,,Failed,"locator.waitFor: Timeout 20000ms exceeded. Call log: [2m  - waiting for locator('tbody#ScrollableSimpleTableBody tr').filter({ has: locator('span[title=""CAT-II""]') }).filter({ has: locator('span[title=""PET""]') }).first() to be visible[22m"
2026-01-31T06:48:09.800Z,32,KL2410000051,Tue Dec 31 2024 05:30:00 GMT+0530 (India Standard Time),0.00289575,05AAACP0278J1ZI,,Failed,Submit disabled: some required fields still missing.
2026-01-31T06:48:39.363Z,37,KL2410000062,Wed Jan 29 2025 05:30:00 GMT+0530 (India Standard Time),0.023388750000000003,05AAACP0278J1ZI,,Failed,Submit disabled: some required fields still missing.
2026-01-31T06:49:04.624Z,233,KT2410000249,Tue Dec 10 2024 05:30:00 GMT+0530 (India Standard Time),17.14573575,05AAACP0278J1ZI,202601317327668,Filled,× Success Sales Receipt Added
2026-01-31T06:49:18.521Z,234,KT2410000250,Tue Dec 10 2024 05:30:00 GMT+0530 (India Standard Time),16.796315250000003,05AAACP0278J1ZI,202601317327677,Filled,× Success Sales Receipt Added
2026-01-31T06:49:32.385Z,235,KT2410000251,Wed Dec 11 2024 05:30:00 GMT+0530 (India Standard Time),15.135862500000002,05AAACP0278J1ZI,202601317327685,Filled,× Success Sales Receipt Added
2026-01-31T06:49:46.325Z,236,KT2410000252,Thu Dec 12 2024 05:30:00 GMT+0530 (India Standard Time),16.972065,05AAACP0278J1ZI,202601317327689,Filled,× Success Sales Receipt Added
2026-01-31T06:50:00.191Z,237,KT2410000253,Thu Dec 12 2024 05:30:00 GMT+0530 (India Standard Time),7.716357000000002,05AAACP0278J1ZI,202601317327696,Filled,× Success Sales Receipt Added
2026-01-31T06:50:14.144Z,238,KT2410000254,Fri Dec 13 2024 05:30:00 GMT+0530 (India Standard Time),15.05173725,05AAACP0278J1ZI,202601317327707,Filled,× Success Sales Receipt Added
2026-01-31T06:50:45.418Z,239,KT2410000255,Sat Dec 14 2024 05:30:00 GMT+0530 (India Standard Time),7.6588875000000005,05AAACP0278J1ZI,,Failed,"locator.waitFor: Timeout 20000ms exceeded. Call log: [2m  - waiting for locator('tbody#ScrollableSimpleTableBody tr').filter({ has: locator('span[title=""CAT-II""]') }).filter({ has: locator('span[title=""PET""]') }).first() to be visible[22m"
2026-01-31T06:50:50.670Z,240,KT2410000258,Wed Dec 18 2024 05:30:00 GMT+0530 (India Standard Time),17.2309005,05AAACP0278J1ZI,202601317327730,Filled,× Success Sales Receipt Added
2026-01-31T06:51:04.543Z,241,KT2410000259,Wed Dec 18 2024 05:30:00 GMT+0530 (India Standard Time),17.14588425,05AAACP0278J1ZI,202601317327738,Filled,× Success Sales Receipt Added
2026-01-31T06:51:18.408Z,242,KT2410000260,Thu Dec 19 2024 05:30:00 GMT+0530 (India Standard Time),8.038973250000002,05AAACP0278J1ZI,202601317327746,Filled,× Success Sales Receipt Added
2026-01-31T06:51:33.690Z,243,KT2410000261,Thu Dec 19 2024 05:30:00 GMT+0530 (India Standard Time),17.1103185,05AAACP0278J1ZI,202601317327756,Filled,× Success Sales Receipt Added
2026-01-31T06:51:48.766Z,244,KT2410000262,Fri Dec 20 2024 05:30:00 GMT+0530 (India Standard Time),5.2977375,05AAACP0278J1ZI,202601317327767,Filled,× Success Sales Receipt Added
2026-01-31T06:52:04.148Z,245,KT2410000263,Fri Dec 20 2024 05:30:00 GMT+0530 (India Standard Time),4.3829775,05AAACP0278J1ZI,202601317327777,Filled,× Success Sales Receipt Added
2026-01-31T06:52:19.562Z,246,KT2410000266,Sat Dec 21 2024 05:30:00 GMT+0530 (India Standard Time),4.49064,05AAACP0278J1ZI,202601317327787,Filled,× Success Sales Receipt Added
2026-01-31T06:52:34.860Z,247,KT2410000267,Sat Dec 21 2024 05:30:00 GMT+0530 (India Standard Time),6.623694,05AAACP0278J1ZI,202601317327803,Filled,× Success Sales Receipt Added
2026-01-31T06:52:50.425Z,248,KT2410000268,Sat Dec 21 2024 05:30:00 GMT+0530 (India Standard Time),0.04893075,05AAACP0278J1ZI,202601317327809,Filled,× Success Sales Receipt Added
2026-01-31T06:53:05.804Z,249,KT2410000269,Sat Dec 21 2024 05:30:00 GMT+0530 (India Standard Time),0.12956625,05AAACP0278J1ZI,202601317327822,Filled,× Success Sales Receipt Added
2026-01-31T06:53:21.363Z,250,KT2410000270,Sun Dec 22 2024 05:30:00 GMT+0530 (India Standard Time),13.71122775,05AAACP0278J1ZI,202601317327830,Filled,× Success Sales Receipt Added
2026-01-31T06:53:36.818Z,251,KT2410000274,Wed Dec 25 2024 05:30:00 GMT+0530 (India Standard Time),14.316736500000001,05AAACP0278J1ZI,202601317327843,Filled,× Success Sales Receipt Added
2026-01-31T06:53:52.287Z,252,KT2410000277,Wed Jan 01 2025 05:30:00 GMT+0530 (India Standard Time),13.248279000000002,05AAACP0278J1ZI,202601317327849,Filled,× Success Sales Receipt Added
2026-01-31T06:54:08.254Z,253,KT2410000278,Wed Jan 01 2025 05:30:00 GMT+0530 (India Standard Time),1.521828,05AAACP0278J1ZI,202601317327861,Filled,× Success Sales Receipt Added
2026-01-31T06:54:23.133Z,254,KT2410000281,Tue Jan 07 2025 05:30:00 GMT+0530 (India Standard Time),14.720062500000001,05AAACP0278J1ZI,202601317327876,Filled,× Success Sales Receipt Added
2026-01-31T06:54:38.602Z,255,KT2410000282,Wed Jan 08 2025 05:30:00 GMT+0530 (India Standard Time),14.586561,05AAACP0278J1ZI,202601317327885,Filled,× Success Sales Receipt Added
2026-01-31T06:54:54.085Z,256,KT2410000283,Thu Jan 09 2025 05:30:00 GMT+0530 (India Standard Time),13.955287500000003,05AAACP0278J1ZI,202601317327898,Filled,× Success Sales Receipt Added
2026-01-31T06:55:09.537Z,257,KT2410000286,Thu Jan 09 2025 05:30:00 GMT+0530 (India Standard Time),1.6216200000000003,05AAACP0278J1ZI,202601317327905,Filled,× Success Sales Receipt Added
2026-01-31T06:55:25.028Z,258,KT2410000287,Thu Jan 09 2025 05:30:00 GMT+0530 (India Standard Time),12.6229455,05AAACP0278J1ZI,202601317327913,Filled,× Success Sales Receipt Added
2026-01-31T06:55:40.560Z,259,KT2410000289,Tue Jan 14 2025 05:30:00 GMT+0530 (India Standard Time),0.631719,05AAACP0278J1ZI,202601317327931,Filled,× Success Sales Receipt Added
2026-01-31T06:55:56.525Z,260,KT2410000290,Wed Jan 15 2025 05:30:00 GMT+0530 (India Standard Time),1.1735955,05AAACP0278J1ZI,202601317327937,Filled,× Success Sales Receipt Added
2026-01-31T06:56:11.889Z,261,KT2410000291,Sun Jan 19 2025 05:30:00 GMT+0530 (India Standard Time),17.008299,05AAACP0278J1ZI,202601317327942,Filled,× Success Sales Receipt Added
2026-01-31T06:56:27.801Z,262,KT2410000294,Thu Jan 23 2025 05:30:00 GMT+0530 (India Standard Time),7.36745625,05AAACP0278J1ZI,202601317327954,Filled,× Success Sales Receipt Added
2026-01-31T06:56:43.658Z,263,KT2410000295,Thu Jan 23 2025 05:30:00 GMT+0530 (India Standard Time),8.744274,05AAACP0278J1ZI,202601317327962,Filled,× Success Sales Receipt Added
2026-01-31T06:56:59.663Z,264,KT2410000296,Fri Jan 24 2025 05:30:00 GMT+0530 (India Standard Time),11.95476975,05AAACP0278J1ZI,202601317327971,Filled,× Success Sales Receipt Added
2026-01-31T06:57:15.987Z,265,KT2410000297,Fri Jan 24 2025 05:30:00 GMT+0530 (India Standard Time),3.8476350000000004,05AAACP0278J1ZI,202601317327981,Filled,× Success Sales Receipt Added
2026-01-31T06:57:32.355Z,266,KT2410000298,Fri Jan 24 2025 05:30:00 GMT+0530 (India Standard Time),14.495604750000002,05AAACP0278J1ZI,202601317327994,Filled,× Success Sales Receipt Added
2026-01-31T06:58:28.342Z,267,KT2410000301,Tue Mar 11 2025 05:30:00 GMT+0530 (India Standard Time),13.259862000000004,05AAACP0278J1ZI,202601317328019,Filled,× Success Sales Receipt Added
2026-01-31T06:59:00.291Z,268,KT2410000304,Tue Mar 11 2025 05:30:00 GMT+0530 (India Standard Time),15.230160000000001,05AAACP0278J1ZI,202601317328038,Filled,× Success Sales Receipt Added
2026-01-31T06:59:14.718Z,269,KT2410000305,Wed Mar 12 2025 05:30:00 GMT+0530 (India Standard Time),13.577949,05AAACP0278J1ZI,,Failed,Submit disabled: some required fields still missing.
2026-01-31T06:59:58.442Z,270,KT2410000306,Wed Mar 12 2025 05:30:00 GMT+0530 (India Standard Time),14.580621,05AAACP0278J1ZI,,Failed,Submit disabled: some required fields still missing.
2026-01-31T07:00:13.105Z,271,KT2410000307,Thu Mar 13 2025 05:30:00 GMT+0530 (India Standard Time),14.958776250000001,05AAACP0278J1ZI,,Failed,Submit disabled: some required fields still missing.
2026-01-31T07:00:23.105Z,272,KT2410000308,Sat Mar 15 2025 05:30:00 GMT+0530 (India Standard Time),16.5608685,05AAACP0278J1ZI,,Failed,Submit disabled: some required fields still missing.
2026-01-31T07:00:36.082Z,273,KT2410000311,Tue Mar 18 2025 05:30:00 GMT+0530 (India Standard Time),5.991678000000001,05AAACP0278J1ZI,,Failed,Submit disabled: some required fields still missing.
2026-01-31T07:00:47.295Z,274,KT2410000312,Tue Mar 18 2025 05:30:00 GMT+0530 (India Standard Time),0.14968800000000002,05AAACP0278J1ZI,202601317328101,Filled,× Success Sales Receipt Added
