datetime,row,e_invoice_number,sales_date,quantity_sold_mt,registration_type,entity_name,seller_gst,buyer_gst,epr_invoice_number,status,message
2026-04-24T10:22:21.754Z,2,IN0525000012,Wed Apr 02 2025 05:30:00 GMT+0530 (India Standard Time),18,Registered,CREATIVE PROPACK LIMITED,05AAACE0119K1Z3,18AAACE6761H1ZJ,,Failed,"locator.waitFor: Timeout 20000ms exceeded.
Call log:
[2m  - waiting for locator('tbody#ScrollableSimpleTableBody tr').filter({ has: locator('span[title=""CAT-II""]') }).filter({ has: locator('span[title=""PET""]') }).first() to be visible[22m
"
2026-04-24T10:25:37.376Z,2,IN0525000012,Wed Apr 02 2025 05:30:00 GMT+0530 (India Standard Time),18,Registered,CREATIVE PROPACK LIMITED,05AAACE0119K1Z3,18AAACE6761H1ZJ,202604248219393,Filled,"×
Success
Sales Receipt Added"
2026-04-24T10:47:11.540Z,2,IN0525000012,Wed Apr 02 2025 05:30:00 GMT+0530 (India Standard Time),18,Registered,CREATIVE PROPACK LIMITED,05AAACE0119K1Z3,18AAACE6761H1ZJ,"EPR Invoice Number
Reset",Filled,
2026-04-24T10:47:23.387Z,3,IN0525000132,Wed Apr 09 2025 05:30:00 GMT+0530 (India Standard Time),18,Registered,CREATIVE PROPLAST LIMITED,05AAACE0119K1Z3,26AAJCC1918R1Z5,202604248226251,Filled,"×
Success
Sales Receipt Added"
2026-04-24T10:47:33.909Z,4,EX0525000006,Fri Apr 11 2025 05:30:00 GMT+0530 (India Standard Time),18,Registered,CREATIVE PROPACK LIMITED,05AAACE0119K1Z3,23AAACE6761H1ZS,202604248226305,Filled,"×
Success
Sales Receipt Added"
2026-04-24T10:47:45.778Z,5,IN0525000171,Sat Apr 12 2025 05:30:00 GMT+0530 (India Standard Time),18,Registered,MANJUSHREE TECHNOPACK LIMITED,05AAACE0119K1Z3,05AAACM9418K1ZB,,Failed,"Duplicate EPR Invoice Number: EPR Invoice Number
Reset"
2026-04-24T10:47:57.728Z,6,IN0525000177,Sat Apr 12 2025 05:30:00 GMT+0530 (India Standard Time),18,Registered,MANJUSHREE TECHNOPACK LIMITED,05AAACE0119K1Z3,05AAACM9418K1ZB,202604248226431,Filled,"×
Success
Sales Receipt Added"
2026-04-24T10:48:08.715Z,7,IN0525000214,Mon Apr 14 2025 05:30:00 GMT+0530 (India Standard Time),20,Registered,MANJUSHREE TECHNOPACK LIMITED,05AAACE0119K1Z3,02AAACM9418K1ZH,202604248226490,Filled,"×
Success
Sales Receipt Added"
2026-04-24T10:48:17.961Z,8,IN0525000234,Tue Apr 15 2025 05:30:00 GMT+0530 (India Standard Time),30,Registered,MARICO LIMITED,05AAACE0119K1Z3,24AAACM7493G2ZC,202604248226541,Filled,"×
Success
Sales Receipt Added"
2026-04-24T10:48:27.829Z,9,IN0525000246,Wed Apr 16 2025 05:30:00 GMT+0530 (India Standard Time),18,Registered,CREATIVE PROPACK LIMITED,05AAACE0119K1Z3,05AAACE6761H1ZQ,202604248226591,Filled,"×
Success
Sales Receipt Added"
2026-04-24T10:48:38.188Z,10,IN0525000277,Thu Apr 17 2025 05:30:00 GMT+0530 (India Standard Time),18,Registered,CREATIVE PROPLAST LIMITED,05AAACE0119K1Z3,26AAJCC1918R1Z5,202604248226654,Filled,"×
Success
Sales Receipt Added"
2026-04-24T10:48:47.884Z,11,IN0525000292,Fri Apr 18 2025 05:30:00 GMT+0530 (India Standard Time),1.8,Registered,G M POLYPLAST LIMITED,05AAACE0119K1Z3,26AACCG0610R1ZL,202604248226714,Filled,"×
Success
Sales Receipt Added"
2026-04-24T10:48:58.338Z,12,IN0525000295,Fri Apr 18 2025 05:30:00 GMT+0530 (India Standard Time),16,Registered,MANJUSHREE TECHNOPACK LIMITED,05AAACE0119K1Z3,05AAACM9418K1ZB,202604248226772,Filled,"×
Success
Sales Receipt Added"
2026-04-24T10:49:30.675Z,13,IN0525000344,Mon Apr 21 2025 05:30:00 GMT+0530 (India Standard Time),3,Registered,VIMONI (INDIA) PVT. LTD.,05AAACE0119K1Z3,08AAACV3859K1ZV,,Failed,"locator.waitFor: Timeout 20000ms exceeded.
Call log:
[2m  - waiting for locator('.ng-dropdown-panel').locator('.ng-option').filter({ hasText: 'VIMONI (INDIA) PVT. LTD.' }).first() to be visible[22m
"
2026-04-24T10:49:47.158Z,14,IN0525000359,Tue Apr 22 2025 05:30:00 GMT+0530 (India Standard Time),18,Registered,MAGPET POLYMERS PRIVATE LIMITED,05AAACE0119K1Z3,18AAICS7344C1ZA,202604248227031,Filled,"×
Success
Sales Receipt Added"
2026-04-24T10:49:57.590Z,15,IN0525000364,Wed Apr 23 2025 05:30:00 GMT+0530 (India Standard Time),15.3,Registered,POLYPLEX CORPORATION LIMITED,05AAACE0119K1Z3,05AAACP0278J1ZI,202604248227082,Filled,"×
Success
Sales Receipt Added"
2026-04-24T10:50:06.372Z,16,IN0525000365,Wed Apr 23 2025 05:30:00 GMT+0530 (India Standard Time),18,Registered,MANJUSHREE TECHNOPACK LIMITED,05AAACE0119K1Z3,05AAACM9418K1ZB,202604248227112,Filled,"×
Success
Sales Receipt Added"
2026-04-24T10:50:15.904Z,17,IN0525000386,Thu Apr 24 2025 05:30:00 GMT+0530 (India Standard Time),18,Registered,MANJUSHREE TECHNOPACK LIMITED,05AAACE0119K1Z3,05AAACM9418K1ZB,202604248227144,Filled,"×
Success
Sales Receipt Added"
2026-04-24T10:50:26.245Z,18,IN0525000394,Fri Apr 25 2025 05:30:00 GMT+0530 (India Standard Time),20,Registered,MANJUSHREE TECHNOPACK LIMITED,05AAACE0119K1Z3,06AAACM9418K2Z8,202604248227178,Filled,"×
Success
Sales Receipt Added"
2026-04-24T10:50:36.227Z,19,IN0525000416,Sun Apr 27 2025 05:30:00 GMT+0530 (India Standard Time),12,Registered,MANJUSHREE TECHNOPACK LIMITED,05AAACE0119K1Z3,05AAACM9418K1ZB,202604248227205,Filled,"×
Success
Sales Receipt Added"
2026-04-24T10:50:46.884Z,20,IN0525000447,Mon Apr 28 2025 05:30:00 GMT+0530 (India Standard Time),18,Registered,CREATIVE PROPACK LIMITED,05AAACE0119K1Z3,18AAACE6761H1ZJ,202604248227259,Filled,"×
Success
Sales Receipt Added"
2026-04-24T10:51:21.047Z,21,IN0525000457,Tue Apr 29 2025 05:30:00 GMT+0530 (India Standard Time),10,Registered,DEV RESIN PVT. LTD.,05AAACE0119K1Z3,02AABCD1335K1Z5,,Failed,"locator.waitFor: Timeout 20000ms exceeded.
Call log:
[2m  - waiting for locator('.ng-dropdown-panel').locator('.ng-option').filter({ hasText: 'DEV RESIN PVT. LTD.' }).first() to be visible[22m
"
2026-04-24T10:51:34.324Z,22,IN0525000526,Sun May 04 2025 05:30:00 GMT+0530 (India Standard Time),18,Registered,MAGPET POLYMERS PRIVATE LIMITED,05AAACE0119K1Z3,19AAICS7344C1Z8,202604248227409,Filled,"×
Success
Sales Receipt Added"
2026-04-24T10:51:44.116Z,23,IN0525000559,Tue May 06 2025 05:30:00 GMT+0530 (India Standard Time),2,Registered,AGI GREENPAC LIMITED,05AAACE0119K1Z3,36AAACH7564H5ZB,202604248227424,Filled,"×
Success
Sales Receipt Added"
2026-04-24T10:52:16.447Z,24,IN0525000582,Wed May 07 2025 05:30:00 GMT+0530 (India Standard Time),5,Registered,VIMONI (INDIA) PVT. LTD.,05AAACE0119K1Z3,08AAACV3859K1ZV,,Failed,"locator.waitFor: Timeout 20000ms exceeded.
Call log:
[2m  - waiting for locator('.ng-dropdown-panel').locator('.ng-option').filter({ hasText: 'VIMONI (INDIA) PVT. LTD.' }).first() to be visible[22m
"
2026-04-24T10:52:30.659Z,25,IN0525000583,Wed May 07 2025 05:30:00 GMT+0530 (India Standard Time),5,Registered,S.P. CONTAINERS,05AAACE0119K1Z3,09ACZFS6998Q1Z7,202604248227444,Filled,
2026-04-24T10:52:40.947Z,26,IN0525000645,Sat May 10 2025 05:30:00 GMT+0530 (India Standard Time),18,Registered,MANJUSHREE TECHNOPACK LIMITED,05AAACE0119K1Z3,05AAACM9418K1ZB,202604248227454,Filled,
2026-04-24T10:52:51.422Z,27,IN0525000684,Mon May 12 2025 05:30:00 GMT+0530 (India Standard Time),18,Registered,MANJUSHREE TECHNOPACK LIMITED,05AAACE0119K1Z3,05AAACM9418K1ZB,202604248227468,Filled,
2026-04-24T10:53:02.998Z,28,IN0525000787,Sat May 17 2025 05:30:00 GMT+0530 (India Standard Time),30,Registered,MARICO LIMITED,05AAACE0119K1Z3,24AAACM7493G2ZC,202604248227483,Filled,"×
Success
Sales Receipt Added"
2026-04-24T10:53:12.720Z,29,IN0525000794,Sun May 18 2025 05:30:00 GMT+0530 (India Standard Time),12,Registered,MARICO LIMITED,05AAACE0119K1Z3,24AAACM7493G2ZC,202604248227492,Filled,"×
Success
Sales Receipt Added"
2026-04-24T10:53:23.448Z,30,IN0525000830,Mon May 19 2025 05:30:00 GMT+0530 (India Standard Time),18,Registered,MANJUSHREE TECHNOPACK LIMITED,05AAACE0119K1Z3,05AAACM9418K1ZB,202604248227495,Filled,"×
Success
Sales Receipt Added"
2026-04-24T10:53:34.332Z,31,IN0525000827,Mon May 19 2025 05:30:00 GMT+0530 (India Standard Time),10,Registered,MANJUSHREE TECHNOPACK LIMITED,05AAACE0119K1Z3,02AAACM9418K1ZH,202604248227500,Filled,"×
Success
Sales Receipt Added"
2026-04-24T10:53:44.392Z,32,IN0525000839,Tue May 20 2025 05:30:00 GMT+0530 (India Standard Time),18,Registered,MANJUSHREE TECHNOPACK LIMITED,05AAACE0119K1Z3,05AAACM9418K1ZB,202604248227501,Filled,"×
Success
Sales Receipt Added"
2026-04-24T10:53:55.790Z,33,IN0525000868,Thu May 22 2025 05:30:00 GMT+0530 (India Standard Time),18,Registered,CREATIVE PLASTOPACK,05AAACE0119K1Z3,05ABMPA1788L1ZF,202604248227516,Filled,
2026-04-24T10:54:06.439Z,34,IN0525000953,Tue May 27 2025 05:30:00 GMT+0530 (India Standard Time),18,Registered,MANJUSHREE TECHNOPACK LIMITED,05AAACE0119K1Z3,05AAACM9418K1ZB,202604248227519,Filled,
2026-04-24T10:54:16.167Z,35,IN0525000954,Tue May 27 2025 05:30:00 GMT+0530 (India Standard Time),24,Registered,MARICO LIMITED,05AAACE0119K1Z3,24AAACM7493G2ZC,202604248227530,Filled,
2026-04-24T10:54:27.902Z,36,IN0525000984,Thu May 29 2025 05:30:00 GMT+0530 (India Standard Time),5,Registered,TPAC PACKAGING INDIA PRIVATE LIMITE,05AAACE0119K1Z3,05AAGCT4816J1Z8,202604248227543,Filled,
2026-04-24T10:54:39.005Z,37,IN0525000987,Thu May 29 2025 05:30:00 GMT+0530 (India Standard Time),18,Registered,CREATIVE PROPLAST LIMITED,05AAACE0119K1Z3,26AAJCC1918R1Z5,202604248227557,Filled,"×
Success
Sales Receipt Added"
2026-04-24T10:55:11.396Z,38,IN0525000986,Thu May 29 2025 05:30:00 GMT+0530 (India Standard Time),5,Registered,SSF PLASTICS INDIA PVT. LTD,05AAACE0119K1Z3,26AAKCS4412K1Z7,,Failed,"locator.waitFor: Timeout 20000ms exceeded.
Call log:
[2m  - waiting for locator('.ng-dropdown-panel').locator('.ng-option').filter({ hasText: 'SSF PLASTICS INDIA PVT. LTD' }).first() to be visible[22m
"
2026-04-24T10:55:34.195Z,39,IN0525000985,Thu May 29 2025 05:30:00 GMT+0530 (India Standard Time),10,Registered,MANJUSHREE TECHNOPACK LIMITED,05AAACE0119K1Z3,02AAACM9418K1ZH,202604248227630,Filled,"×
Success
Sales Receipt Added"
2026-04-24T10:55:43.002Z,40,IN0525000988,Thu May 29 2025 05:30:00 GMT+0530 (India Standard Time),9,Registered,AGI GREENPAC LIMITED,05AAACE0119K1Z3,05AAACH7564H2ZJ,202604248227655,Filled,"×
Success
Sales Receipt Added"
2026-04-24T10:55:52.091Z,41,IN0525001006,Fri May 30 2025 05:30:00 GMT+0530 (India Standard Time),18,Registered,CREATIVE PROPACK LIMITED,05AAACE0119K1Z3,05AAACE6761H1ZQ,202604248227688,Filled,"×
Success
Sales Receipt Added"
2026-04-24T10:56:23.903Z,42,IN0525001005,Fri May 30 2025 05:30:00 GMT+0530 (India Standard Time),10,Registered,RAKSHIT ENGINEERING WORKS PVT. LTD.,05AAACE0119K1Z3,09AACCR8803R1ZN,,Failed,"locator.waitFor: Timeout 20000ms exceeded.
Call log:
[2m  - waiting for locator('.ng-dropdown-panel').locator('.ng-option').filter({ hasText: 'RAKSHIT ENGINEERING WORKS PVT. LTD.' }).first() to be visible[22m
"
2026-04-24T10:56:38.355Z,43,EX0525000203,Sat May 31 2025 05:30:00 GMT+0530 (India Standard Time),18,Registered,CREATIVE PROPACK LIMITED,05AAACE0119K1Z3,23AAACE6761H1ZS,202604248227777,Filled,"×
Success
Sales Receipt Added"
2026-04-24T10:56:46.884Z,44,IN0525001037,Sat May 31 2025 05:30:00 GMT+0530 (India Standard Time),18,Registered,CREATIVE PROPLAST LIMITED,05AAACE0119K1Z3,26AAJCC1918R1Z5,202604248227810,Filled,"×
Success
Sales Receipt Added"
2026-04-24T10:56:56.593Z,45,IN0525001038,Sat May 31 2025 05:30:00 GMT+0530 (India Standard Time),20,Registered,MANJUSHREE TECHNOPACK LIMITED,05AAACE0119K1Z3,06AAACM9418K2Z8,202604248227816,Filled,
2026-04-24T10:57:28.195Z,46,IN0525001098,Wed Jun 04 2025 05:30:00 GMT+0530 (India Standard Time),10,Registered,DEV RESIN PVT. LTD.,05AAACE0119K1Z3,02AABCD1335K1Z5,,Failed,"locator.waitFor: Timeout 20000ms exceeded.
Call log:
[2m  - waiting for locator('.ng-dropdown-panel').locator('.ng-option').filter({ hasText: 'DEV RESIN PVT. LTD.' }).first() to be visible[22m
"
2026-04-24T10:57:40.633Z,47,IN0525001097,Wed Jun 04 2025 05:30:00 GMT+0530 (India Standard Time),18,Registered,MAGPET POLYMERS PRIVATE LIMITED,05AAACE0119K1Z3,18AAICS7344C1ZA,202604248227898,Filled,"×
Success
Sales Receipt Added"
2026-04-24T10:57:49.958Z,48,IN0525001084,Wed Jun 04 2025 05:30:00 GMT+0530 (India Standard Time),0.25,Registered,SHREE NAINA CONTAINERS INC,05AAACE0119K1Z3,02ABDFS5889B1Z8,202604248227918,Filled,"×
Success
Sales Receipt Added"
2026-04-24T10:57:58.452Z,49,IN0525001104,Thu Jun 05 2025 05:30:00 GMT+0530 (India Standard Time),10,Registered,MANJUSHREE TECHNOPACK LIMITED,05AAACE0119K1Z3,05AAACM9418K1ZB,202604248227937,Filled,"×
Success
Sales Receipt Added"
2026-04-24T10:58:07.853Z,50,IN0525001125,Fri Jun 06 2025 05:30:00 GMT+0530 (India Standard Time),18,Registered,MAGPET POLYMERS PRIVATE LIMITED,05AAACE0119K1Z3,19AAICS7344C1Z8,202604248227969,Filled,"×
Success
Sales Receipt Added"
2026-04-24T10:58:16.406Z,51,IN0525001191,Tue Jun 10 2025 05:30:00 GMT+0530 (India Standard Time),20,Registered,MANJUSHREE TECHNOPACK LIMITED,05AAACE0119K1Z3,02AAACM9418K1ZH,202604248227972,Filled,"×
Success
Sales Receipt Added"
2026-04-24T10:58:24.808Z,52,IN0525001224,Thu Jun 12 2025 05:30:00 GMT+0530 (India Standard Time),18,Registered,MANJUSHREE TECHNOPACK LIMITED,05AAACE0119K1Z3,18AAACM9418K1Z4,202604248227984,Filled,"×
Success
Sales Receipt Added"
2026-04-24T10:58:33.736Z,53,IN0525001261,Sat Jun 14 2025 05:30:00 GMT+0530 (India Standard Time),12,Registered,MANJUSHREE TECHNOPACK LIMITED,05AAACE0119K1Z3,05AAACM9418K1ZB,202604248228002,Filled,"×
Success
Sales Receipt Added"
2026-04-24T10:58:42.768Z,54,IN0525001276,Sun Jun 15 2025 05:30:00 GMT+0530 (India Standard Time),18,Registered,CREATIVE PLASTOPACK,05AAACE0119K1Z3,05ABMPA1788L1ZF,202604248228032,Filled,"×
Success
Sales Receipt Added"
2026-04-24T10:58:52.221Z,55,IN0525001300,Mon Jun 16 2025 05:30:00 GMT+0530 (India Standard Time),18,Registered,MANJUSHREE TECHNOPACK LIMITED,05AAACE0119K1Z3,18AAACM9418K1Z4,202604248228054,Filled,"×
Success
Sales Receipt Added"
2026-04-24T10:59:00.742Z,56,IN0525001307,Mon Jun 16 2025 05:30:00 GMT+0530 (India Standard Time),5,Registered,ESTER FILMTECH LIMITED,05AAACE0119K1Z3,36AAFCE9821P1Z0,202604248228073,Filled,"×
Success
Sales Receipt Added"
2026-04-24T10:59:09.827Z,57,IN0525001317,Tue Jun 17 2025 05:30:00 GMT+0530 (India Standard Time),18,Registered,MANJUSHREE TECHNOPACK LIMITED,05AAACE0119K1Z3,05AAACM9418K1ZB,202604248228104,Filled,"×
Success
Sales Receipt Added"
2026-04-24T10:59:18.680Z,58,IN0525001316,Tue Jun 17 2025 05:30:00 GMT+0530 (India Standard Time),6,Registered,MANJUSHREE TECHNOPACK LIMITED,05AAACE0119K1Z3,05AAACM9418K1ZB,202604248228106,Filled,"×
Success
Sales Receipt Added"
2026-04-24T10:59:27.864Z,59,IN0525001393,Sat Jun 21 2025 05:30:00 GMT+0530 (India Standard Time),18,Registered,CREATIVE PLASTOPACK,05AAACE0119K1Z3,05ABMPA1788L1ZF,202604248228138,Filled,"×
Success
Sales Receipt Added"
2026-04-24T10:59:36.610Z,60,IN0525001420,Mon Jun 23 2025 05:30:00 GMT+0530 (India Standard Time),18,Registered,MANJUSHREE TECHNOPACK LIMITED,05AAACE0119K1Z3,05AAACM9418K1ZB,202604248228179,Filled,"×
Success
Sales Receipt Added"
2026-04-24T10:59:45.568Z,61,IN0525001421,Mon Jun 23 2025 05:30:00 GMT+0530 (India Standard Time),20,Registered,MANJUSHREE TECHNOPACK LIMITED,05AAACE0119K1Z3,06AAACM9418K2Z8,202604248228212,Filled,"×
Success
Sales Receipt Added"
2026-04-24T10:59:54.283Z,62,IN0525001446,Wed Jun 25 2025 05:30:00 GMT+0530 (India Standard Time),18,Registered,CREATIVE PROPACK LIMITED,05AAACE0119K1Z3,18AAACE6761H1ZJ,202604248228239,Filled,"×
Success
Sales Receipt Added"
2026-04-24T11:00:03.492Z,63,IN0525001452,Thu Jun 26 2025 05:30:00 GMT+0530 (India Standard Time),18,Registered,MAGPET POLYMERS PRIVATE LIMITED,05AAACE0119K1Z3,18AAICS7344C1ZA,202604248228278,Filled,"×
Success
Sales Receipt Added"
2026-04-24T11:00:12.310Z,64,IN0525001514,Sun Jun 29 2025 05:30:00 GMT+0530 (India Standard Time),18,Registered,MANJUSHREE TECHNOPACK LIMITED,05AAACE0119K1Z3,05AAACM9418K1ZB,202604248228317,Filled,"×
Success
Sales Receipt Added"
2026-04-24T11:00:20.641Z,65,IN0525001524,Mon Jun 30 2025 05:30:00 GMT+0530 (India Standard Time),18,Registered,CREATIVE PLASTOPACK,05AAACE0119K1Z3,05ABMPA1788L1ZF,202604248228351,Filled,"×
Success
Sales Receipt Added"
2026-04-24T11:00:29.944Z,66,IN0525001537,Mon Jun 30 2025 05:30:00 GMT+0530 (India Standard Time),20,Registered,MANJUSHREE TECHNOPACK LIMITED,05AAACE0119K1Z3,02AAACM9418K1ZH,202604248228388,Filled,"×
Success
Sales Receipt Added"
2026-04-24T11:00:38.659Z,67,IN0525001538,Mon Jun 30 2025 05:30:00 GMT+0530 (India Standard Time),10,Registered,MANJUSHREE TECHNOPACK LIMITED,05AAACE0119K1Z3,05AAACM9418K1ZB,202604248228414,Filled,"×
Success
Sales Receipt Added"
2026-04-24T11:00:48.376Z,68,IN0525001566,Wed Jul 02 2025 05:30:00 GMT+0530 (India Standard Time),18,Registered,CREATIVE PLASTOPACK,05AAACE0119K1Z3,05ABMPA1788L1ZF,202604248228446,Filled,"×
Success
Sales Receipt Added"
2026-04-24T11:00:56.890Z,69,IN0525001577,Thu Jul 03 2025 05:30:00 GMT+0530 (India Standard Time),18,Registered,MAGPET POLYMERS PRIVATE LIMITED,05AAACE0119K1Z3,19AAICS7344C1Z8,202604248228471,Filled,"×
Success
Sales Receipt Added"
2026-04-24T11:01:05.419Z,70,IN0525001606,Sat Jul 05 2025 05:30:00 GMT+0530 (India Standard Time),10,Registered,MANJUSHREE TECHNOPACK LIMITED,05AAACE0119K1Z3,02AAACM9418K1ZH,202604248228502,Filled,"×
Success
Sales Receipt Added"
2026-04-24T11:01:36.614Z,71,IN0525001608,Sat Jul 05 2025 05:30:00 GMT+0530 (India Standard Time),4,Registered,SHREE NAINA POLYMERS INC.,05AAACE0119K1Z3,02ABJFS6309L1Z0,,Failed,"locator.waitFor: Timeout 20000ms exceeded.
Call log:
[2m  - waiting for locator('.ng-dropdown-panel').locator('.ng-option').filter({ hasText: 'SHREE NAINA POLYMERS INC.' }).first() to be visible[22m
"
2026-04-24T11:02:43.440Z,72,IN0525001657,Tue Jul 08 2025 05:30:00 GMT+0530 (India Standard Time),18,Registered,MANJUSHREE TECHNOPACK LIMITED,05AAACE0119K1Z3,05AAACM9418K1ZB,202604248228789,Filled,"×
Success
Sales Receipt Added"
2026-04-24T11:02:52.510Z,73,IN0525001723,Sat Jul 12 2025 05:30:00 GMT+0530 (India Standard Time),10,Registered,MANJUSHREE TECHNOPACK LIMITED,05AAACE0119K1Z3,06AAACM9418K2Z8,202604248228822,Filled,"×
Success
Sales Receipt Added"
2026-04-24T11:03:01.224Z,74,IN0525001724,Sat Jul 12 2025 05:30:00 GMT+0530 (India Standard Time),10,Registered,MANJUSHREE TECHNOPACK LIMITED,05AAACE0119K1Z3,06AAACM9418K2Z8,202604248228847,Filled,"×
Success
Sales Receipt Added"
2026-04-24T11:03:10.091Z,75,IN0525001759,Tue Jul 15 2025 05:30:00 GMT+0530 (India Standard Time),9.9,Registered,GLS POLYFILMS PRIVATE LIMITED,05AAACE0119K1Z3,06AAICG4742N1Z8,202604248228869,Filled,"×
Success
Sales Receipt Added"
2026-04-24T11:03:18.623Z,76,IN0525001776,Wed Jul 16 2025 05:30:00 GMT+0530 (India Standard Time),16,Registered,CREATIVE PLASTOPACK,05AAACE0119K1Z3,05ABMPA1788L1ZF,202604248228896,Filled,"×
Success
Sales Receipt Added"
2026-04-24T11:03:27.389Z,77,IN0525001777,Wed Jul 16 2025 05:30:00 GMT+0530 (India Standard Time),7,Registered,CREATIVE PLASTOPACK,05AAACE0119K1Z3,05ABMPA1788L1ZF,202604248228923,Filled,"×
Success
Sales Receipt Added"
2026-04-24T11:03:36.378Z,78,IN0525001778,Wed Jul 16 2025 05:30:00 GMT+0530 (India Standard Time),7,Registered,CREATIVE PLASTOPACK,05AAACE0119K1Z3,05ABMPA1788L1ZF,202604248228951,Filled,"×
Success
Sales Receipt Added"
2026-04-24T11:03:45.941Z,79,IN0525001783,Wed Jul 16 2025 05:30:00 GMT+0530 (India Standard Time),4,Registered,MANJUSHREE TECHNOPACK LIMITED,05AAACE0119K1Z3,05AAACM9418K1ZB,202604248228979,Filled,"×
Success
Sales Receipt Added"
2026-04-24T11:03:54.735Z,80,IN0525001826,Sat Jul 19 2025 05:30:00 GMT+0530 (India Standard Time),5,Registered,MANJUSHREE TECHNOPACK LIMITED,05AAACE0119K1Z3,05AAACM9418K1ZB,202604248229007,Filled,"×
Success
Sales Receipt Added"
2026-04-24T11:04:03.754Z,81,IN0525001836,Sun Jul 20 2025 05:30:00 GMT+0530 (India Standard Time),18,Registered,MANJUSHREE TECHNOPACK LIMITED,05AAACE0119K1Z3,18AAACM9418K1Z4,202604248229041,Filled,"×
Success
Sales Receipt Added"
2026-04-24T11:04:12.751Z,82,IN0525001849,Mon Jul 21 2025 05:30:00 GMT+0530 (India Standard Time),3,Registered,MANJUSHREE TECHNOPACK LIMITED,05AAACE0119K1Z3,05AAACM9418K1ZB,202604248229073,Filled,"×
Success
Sales Receipt Added"
2026-04-24T11:04:21.610Z,83,IN0525001864,Tue Jul 22 2025 05:30:00 GMT+0530 (India Standard Time),15.8,Registered,VACMET INDIA LIMITED,05AAACE0119K1Z3,09AAACV5120B1ZU,202604248229096,Filled,"×
Success
Sales Receipt Added"
2026-04-24T11:04:30.412Z,84,IN0525001860,Tue Jul 22 2025 05:30:00 GMT+0530 (India Standard Time),15,Registered,MANJUSHREE TECHNOPACK LIMITED,05AAACE0119K1Z3,18AAACM9418K1Z4,202604248229124,Filled,"×
Success
Sales Receipt Added"
2026-04-24T11:04:39.542Z,85,IN0525001859,Tue Jul 22 2025 05:30:00 GMT+0530 (India Standard Time),17,Registered,MAGPET POLYMERS PRIVATE LIMITED,05AAACE0119K1Z3,18AAICS7344C1ZA,202604248229150,Filled,"×
Success
Sales Receipt Added"
2026-04-24T11:04:49.420Z,86,IN0525001881,Wed Jul 23 2025 05:30:00 GMT+0530 (India Standard Time),10,Registered,MANJUSHREE TECHNOPACK LIMITED,05AAACE0119K1Z3,02AAACM9418K1ZH,202604248229182,Filled,"×
Success
Sales Receipt Added"
2026-04-24T11:05:00.171Z,87,IN0525001879,Wed Jul 23 2025 05:30:00 GMT+0530 (India Standard Time),12,Registered,MANJUSHREE TECHNOPACK LIMITED,05AAACE0119K1Z3,05AAACM9418K1ZB,202604248229219,Filled,"×
Success
Sales Receipt Added"
2026-04-24T11:05:09.729Z,88,IN0525001902,Fri Jul 25 2025 05:30:00 GMT+0530 (India Standard Time),18,Registered,MANJUSHREE TECHNOPACK LIMITED,05AAACE0119K1Z3,18AAACM9418K1Z4,202604248229247,Filled,"×
Success
Sales Receipt Added"
2026-04-24T11:05:19.722Z,89,IN0525001915,Sat Jul 26 2025 05:30:00 GMT+0530 (India Standard Time),10.2,Registered,ESTER FILMTECH LIMITED,05AAACE0119K1Z3,36AAFCE9821P1Z0,202604248229275,Filled,"×
Success
Sales Receipt Added"
2026-04-24T11:05:29.468Z,90,IN0525001950,Mon Jul 28 2025 05:30:00 GMT+0530 (India Standard Time),8,Registered,MANJUSHREE TECHNOPACK LIMITED,05AAACE0119K1Z3,05AAACM9418K1ZB,202604248229307,Filled,"×
Success
Sales Receipt Added"
2026-04-24T11:05:38.670Z,91,IN0525001971,Tue Jul 29 2025 05:30:00 GMT+0530 (India Standard Time),14,Registered,CREATIVE PLASTOPACK,05AAACE0119K1Z3,05ABMPA1788L1ZF,202604248229334,Filled,"×
Success
Sales Receipt Added"
2026-04-24T11:05:48.688Z,92,IN0525001960,Tue Jul 29 2025 05:30:00 GMT+0530 (India Standard Time),6,Registered,MANJUSHREE TECHNOPACK LIMITED,05AAACE0119K1Z3,05AAACM9418K1ZB,202604248229368,Filled,"×
Success
Sales Receipt Added"
2026-04-24T11:05:58.629Z,93,IN0525001997,Wed Jul 30 2025 05:30:00 GMT+0530 (India Standard Time),10,Registered,MANJUSHREE TECHNOPACK LIMITED,05AAACE0119K1Z3,02AAACM9418K1ZH,202604248229396,Filled,
2026-04-24T11:06:30.047Z,94,IN0525001999,Wed Jul 30 2025 05:30:00 GMT+0530 (India Standard Time),0.2,Registered,SHREE NAINA POLYMERS INC.,05AAACE0119K1Z3,02ABJFS6309L1Z0,,Failed,"locator.waitFor: Timeout 20000ms exceeded.
Call log:
[2m  - waiting for locator('.ng-dropdown-panel').locator('.ng-option').filter({ hasText: 'SHREE NAINA POLYMERS INC.' }).first() to be visible[22m
"
2026-04-24T11:06:45.312Z,95,IN0525002011,Thu Jul 31 2025 05:30:00 GMT+0530 (India Standard Time),18,Registered,MANJUSHREE TECHNOPACK LIMITED,05AAACE0119K1Z3,18AAACM9418K1Z4,202604248229507,Filled,"×
Success
Sales Receipt Added"
2026-04-24T11:06:54.843Z,96,IN0525002020,Thu Jul 31 2025 05:30:00 GMT+0530 (India Standard Time),8,Registered,MANJUSHREE TECHNOPACK LIMITED,05AAACE0119K1Z3,05AAACM9418K1ZB,202604248229541,Filled,"×
Success
Sales Receipt Added"
2026-04-24T11:07:04.535Z,97,IN0525002033,Sat Aug 02 2025 05:30:00 GMT+0530 (India Standard Time),18,Registered,MAGPET POLYMERS PRIVATE LIMITED,05AAACE0119K1Z3,19AAICS7344C1Z8,202604248229568,Filled,"×
Success
Sales Receipt Added"
2026-04-24T11:07:14.624Z,98,IN0525002058,Mon Aug 04 2025 05:30:00 GMT+0530 (India Standard Time),12,Registered,CREATIVE PLASTOPACK,05AAACE0119K1Z3,05ABMPA1788L1ZF,202604248229602,Filled,"×
Success
Sales Receipt Added"
2026-04-24T11:07:23.642Z,99,IN0525002056,Mon Aug 04 2025 05:30:00 GMT+0530 (India Standard Time),9,Registered,MANJUSHREE TECHNOPACK LIMITED,05AAACE0119K1Z3,05AAACM9418K1ZB,202604248229631,Filled,"×
Success
Sales Receipt Added"
2026-04-24T11:07:32.608Z,100,IN0525002096,Wed Aug 06 2025 05:30:00 GMT+0530 (India Standard Time),18,Registered,MANJUSHREE TECHNOPACK LIMITED,05AAACE0119K1Z3,18AAACM9418K1Z4,202604248229643,Filled,"×
Success
Sales Receipt Added"
2026-04-24T11:07:41.563Z,101,IN0525002144,Fri Aug 08 2025 05:30:00 GMT+0530 (India Standard Time),18,Registered,CREATIVE PLASTOPACK,05AAACE0119K1Z3,05ABMPA1788L1ZF,202604248229677,Filled,"×
Success
Sales Receipt Added"
2026-04-24T11:08:12.713Z,102,IN0525002145,Fri Aug 08 2025 05:30:00 GMT+0530 (India Standard Time),5,Registered,DEV RESIN PVT. LTD.,05AAACE0119K1Z3,02AABCD1335K1Z5,,Failed,"locator.waitFor: Timeout 20000ms exceeded.
Call log:
[2m  - waiting for locator('.ng-dropdown-panel').locator('.ng-option').filter({ hasText: 'DEV RESIN PVT. LTD.' }).first() to be visible[22m
"
2026-04-24T11:08:28.668Z,103,IN0525002142,Fri Aug 08 2025 05:30:00 GMT+0530 (India Standard Time),5,Registered,SHREE NAINA CONTAINERS INC,05AAACE0119K1Z3,02ABDFS5889B1Z8,202604248229803,Filled,"×
Success
Sales Receipt Added"
2026-04-24T11:08:37.831Z,104,IN0525002146,Fri Aug 08 2025 05:30:00 GMT+0530 (India Standard Time),5,Registered,MANJUSHREE TECHNOPACK LIMITED,05AAACE0119K1Z3,02AAACM9418K1ZH,202604248229828,Filled,"×
Success
Sales Receipt Added"
2026-04-24T11:08:46.816Z,105,IN0525002161,Sun Aug 10 2025 05:30:00 GMT+0530 (India Standard Time),5,Registered,TPAC PACKAGING INDIA PRIVATE LIMITE,05AAACE0119K1Z3,05AAGCT4816J1Z8,202604248229860,Filled,"×
Success
Sales Receipt Added"
2026-04-24T11:08:55.718Z,106,IN0525002162,Sun Aug 10 2025 05:30:00 GMT+0530 (India Standard Time),10,Registered,MANJUSHREE TECHNOPACK LIMITED,05AAACE0119K1Z3,02AAACM9418K1ZH,202604248229884,Filled,"×
Success
Sales Receipt Added"
2026-04-24T11:09:04.586Z,107,IN0525002160,Sun Aug 10 2025 05:30:00 GMT+0530 (India Standard Time),10,Registered,CREATIVE PLASTOPACK,05AAACE0119K1Z3,05ABMPA1788L1ZF,202604248229909,Filled,"×
Success
Sales Receipt Added"
2026-04-24T11:09:13.747Z,108,IN0525002195,Tue Aug 12 2025 05:30:00 GMT+0530 (India Standard Time),10,Registered,MANJUSHREE TECHNOPACK LIMITED,05AAACE0119K1Z3,06AAACM9418K2Z8,202604248229940,Filled,"×
Success
Sales Receipt Added"
2026-04-24T11:09:22.655Z,109,IN0525002197,Tue Aug 12 2025 05:30:00 GMT+0530 (India Standard Time),8,Registered,MANJUSHREE TECHNOPACK LIMITED,05AAACE0119K1Z3,05AAACM9418K1ZB,202604248229955,Filled,"×
Success
Sales Receipt Added"
2026-04-24T11:09:31.551Z,110,IN0525002216,Wed Aug 13 2025 05:30:00 GMT+0530 (India Standard Time),9,Registered,AGI GREENPAC LIMITED,05AAACE0119K1Z3,05AAACH7564H2ZJ,202604248229959,Filled,"×
Success
Sales Receipt Added"
2026-04-24T11:09:41.111Z,111,IN0525002260,Fri Aug 15 2025 05:30:00 GMT+0530 (India Standard Time),8,Registered,MANJUSHREE TECHNOPACK LIMITED,05AAACE0119K1Z3,02AAACM9418K1ZH,202604248229987,Filled,"×
Success
Sales Receipt Added"
2026-04-24T11:09:50.301Z,112,IN0525002261,Fri Aug 15 2025 05:30:00 GMT+0530 (India Standard Time),3,Registered,MANJUSHREE TECHNOPACK LIMITED,05AAACE0119K1Z3,02AAACM9418K1ZH,202604248230016,Filled,"×
Success
Sales Receipt Added"
2026-04-24T11:09:59.487Z,113,IN0525002262,Fri Aug 15 2025 05:30:00 GMT+0530 (India Standard Time),5,Registered,MANJUSHREE TECHNOPACK LIMITED,05AAACE0119K1Z3,06AAACM9418K2Z8,202604248230042,Filled,"×
Success
Sales Receipt Added"
2026-04-24T11:10:08.500Z,114,IN0525002269,Sat Aug 16 2025 05:30:00 GMT+0530 (India Standard Time),18,Registered,MAGPET POLYMERS PRIVATE LIMITED,05AAACE0119K1Z3,19AAICS7344C1Z8,202604248230064,Filled,"×
Success
Sales Receipt Added"
2026-04-24T11:10:17.543Z,115,IN0525002268,Sat Aug 16 2025 05:30:00 GMT+0530 (India Standard Time),8,Registered,MANJUSHREE TECHNOPACK LIMITED,05AAACE0119K1Z3,05AAACM9418K1ZB,202604248230097,Filled,"×
Success
Sales Receipt Added"
2026-04-24T11:10:26.599Z,116,IN0525002267,Sat Aug 16 2025 05:30:00 GMT+0530 (India Standard Time),0.2,Registered,CREATIVE PROPACK LIMITED,05AAACE0119K1Z3,05AAACE6761H1ZQ,202604248230122,Filled,"×
Success
Sales Receipt Added"
2026-04-24T11:10:36.087Z,117,IN0525002303,Tue Aug 19 2025 05:30:00 GMT+0530 (India Standard Time),15,Registered,MANJUSHREE TECHNOPACK LIMITED,05AAACE0119K1Z3,02AAACM9418K1ZH,202604248230151,Filled,"×
Success
Sales Receipt Added"
2026-04-24T11:11:08.379Z,118,IN0525002304,Tue Aug 19 2025 05:30:00 GMT+0530 (India Standard Time),5,Registered,DEV RESIN PVT. LTD.,05AAACE0119K1Z3,02AABCD1335K1Z5,,Failed,"locator.waitFor: Timeout 20000ms exceeded.
Call log:
[2m  - waiting for locator('.ng-dropdown-panel').locator('.ng-option').filter({ hasText: 'DEV RESIN PVT. LTD.' }).first() to be visible[22m
"
2026-04-24T11:11:25.490Z,119,IN0525002316,Tue Aug 19 2025 05:30:00 GMT+0530 (India Standard Time),10,Registered,MANJUSHREE TECHNOPACK LIMITED,05AAACE0119K1Z3,06AAACM9418K2Z8,202604248230301,Filled,"×
Success
Sales Receipt Added"
2026-04-24T11:11:34.617Z,120,IN0525002326,Wed Aug 20 2025 05:30:00 GMT+0530 (India Standard Time),8,Registered,MANJUSHREE TECHNOPACK LIMITED,05AAACE0119K1Z3,05AAACM9418K1ZB,202604248230328,Filled,"×
Success
Sales Receipt Added"
2026-04-24T11:11:43.630Z,121,IN0525002337,Thu Aug 21 2025 05:30:00 GMT+0530 (India Standard Time),15,Registered,MANJUSHREE TECHNOPACK LIMITED,05AAACE0119K1Z3,05AAACM9418K1ZB,202604248230361,Filled,"×
Success
Sales Receipt Added"
2026-04-24T11:11:52.902Z,122,IN0525002352,Fri Aug 22 2025 05:30:00 GMT+0530 (India Standard Time),18,Registered,MAGPET POLYMERS PRIVATE LIMITED,05AAACE0119K1Z3,18AAICS7344C1ZA,202604248230394,Filled,"×
Success
Sales Receipt Added"
2026-04-24T11:12:01.884Z,123,IN0525002370,Sat Aug 23 2025 05:30:00 GMT+0530 (India Standard Time),20,Registered,MANJUSHREE TECHNOPACK LIMITED,05AAACE0119K1Z3,05AAACM9418K1ZB,202604248230418,Filled,"×
Success
Sales Receipt Added"
2026-04-24T11:12:10.719Z,124,IN0525002378,Sun Aug 24 2025 05:30:00 GMT+0530 (India Standard Time),24,Registered,MANJUSHREE TECHNOPACK LIMITED,05AAACE0119K1Z3,26AAACM9418K1Z7,202604248230449,Filled,"×
Success
Sales Receipt Added"
2026-04-24T11:12:20.243Z,125,IN0525002411,Tue Aug 26 2025 05:30:00 GMT+0530 (India Standard Time),18,Registered,MANJUSHREE TECHNOPACK LIMITED,05AAACE0119K1Z3,05AAACM9418K1ZB,202604248230479,Filled,"×
Success
Sales Receipt Added"
2026-04-24T11:12:51.923Z,126,IN0525002459,Fri Aug 29 2025 05:30:00 GMT+0530 (India Standard Time),10,Registered,SSF PLASTICS INDIA LTD,05AAACE0119K1Z3,26AAKCS4412K1Z7,,Failed,"locator.waitFor: Timeout 20000ms exceeded.
Call log:
[2m  - waiting for locator('.ng-dropdown-panel').locator('.ng-option').filter({ hasText: 'SSF PLASTICS INDIA LTD' }).first() to be visible[22m
"
2026-04-24T11:13:05.217Z,127,IN0525002450,Fri Aug 29 2025 05:30:00 GMT+0530 (India Standard Time),18,Registered,MAGPET POLYMERS PRIVATE LIMITED,05AAACE0119K1Z3,19AAICS7344C1Z8,202604248230621,Filled,"×
Success
Sales Receipt Added"
2026-04-24T11:13:14.323Z,128,IN0525002463,Fri Aug 29 2025 05:30:00 GMT+0530 (India Standard Time),10,Registered,MANJUSHREE TECHNOPACK LIMITED,05AAACE0119K1Z3,26AAACM9418K1Z7,202604248230650,Filled,"×
Success
Sales Receipt Added"
2026-04-24T11:13:23.528Z,129,IN0525002497,Sat Aug 30 2025 05:30:00 GMT+0530 (India Standard Time),9,Registered,MANJUSHREE TECHNOPACK LIMITED,05AAACE0119K1Z3,02AAACM9418K1ZH,202604248230678,Filled,
2026-04-24T11:13:33.121Z,130,IN0525002488,Sat Aug 30 2025 05:30:00 GMT+0530 (India Standard Time),18,Registered,CREATIVE PLASTOPACK,05AAACE0119K1Z3,05ABMPA1788L1ZF,202604248230710,Filled,"×
Success
Sales Receipt Added"
2026-04-24T11:13:42.154Z,131,IN0525002494,Sat Aug 30 2025 05:30:00 GMT+0530 (India Standard Time),5,Registered,SHREE NAINA CONTAINERS INC,05AAACE0119K1Z3,02ABDFS5889B1Z8,202604248230744,Filled,"×
Success
Sales Receipt Added"
2026-04-24T11:13:51.588Z,132,IN0525002491,Sat Aug 30 2025 05:30:00 GMT+0530 (India Standard Time),7,Registered,MANJUSHREE TECHNOPACK LIMITED,05AAACE0119K1Z3,05AAACM9418K1ZB,202604248230757,Filled,
2026-04-24T11:14:23.447Z,133,IN0525002496,Sat Aug 30 2025 05:30:00 GMT+0530 (India Standard Time),4,Registered,SHREE NAINA POLYMERS INC.,05AAACE0119K1Z3,02ABJFS6309L1Z0,,Failed,"locator.waitFor: Timeout 20000ms exceeded.
Call log:
[2m  - waiting for locator('.ng-dropdown-panel').locator('.ng-option').filter({ hasText: 'SHREE NAINA POLYMERS INC.' }).first() to be visible[22m
"
2026-04-24T11:15:30.425Z,134,IN0525002507,Sun Aug 31 2025 05:30:00 GMT+0530 (India Standard Time),17,Registered,MANJUSHREE TECHNOPACK LIMITED,05AAACE0119K1Z3,05AAACM9418K1ZB,202604248231050,Filled,"×
Success
Sales Receipt Added"
2026-04-24T11:15:39.443Z,135,IN0525002547,Wed Sep 03 2025 05:30:00 GMT+0530 (India Standard Time),18,Registered,CREATIVE PROPACK LIMITED,05AAACE0119K1Z3,18AAACE6761H1ZJ,202604248231084,Filled,"×
Success
Sales Receipt Added"
2026-04-24T11:15:48.500Z,136,IN0525002580,Fri Sep 05 2025 05:30:00 GMT+0530 (India Standard Time),19,Registered,MANJUSHREE TECHNOPACK LIMITED,05AAACE0119K1Z3,02AAACM9418K1ZH,202604248231111,Filled,"×
Success
Sales Receipt Added"
2026-04-24T11:15:57.623Z,137,IN0525002584,Fri Sep 05 2025 05:30:00 GMT+0530 (India Standard Time),0.5,Registered,TPAC PACKAGING INDIA PRIVATE LIMITE,05AAACE0119K1Z3,05AAGCT4816J1Z8,202604248231139,Filled,"×
Success
Sales Receipt Added"
2026-04-24T11:16:06.531Z,138,IN0525002583,Fri Sep 05 2025 05:30:00 GMT+0530 (India Standard Time),18,Registered,CREATIVE PLASTOPACK,05AAACE0119K1Z3,05ABMPA1788L1ZF,202604248231166,Filled,"×
Success
Sales Receipt Added"
2026-04-24T11:16:15.644Z,139,IN0525002638,Mon Sep 08 2025 05:30:00 GMT+0530 (India Standard Time),12,Registered,MANJUSHREE TECHNOPACK LIMITED,05AAACE0119K1Z3,06AAACM9418K2Z8,202604248231194,Filled,"×
Success
Sales Receipt Added"
2026-04-24T11:16:24.557Z,140,IN0525002637,Mon Sep 08 2025 05:30:00 GMT+0530 (India Standard Time),12,Registered,MANJUSHREE TECHNOPACK LIMITED,05AAACE0119K1Z3,05AAACM9418K1ZB,202604248231229,Filled,"×
Success
Sales Receipt Added"
2026-04-24T11:16:55.740Z,141,IN0525002651,Tue Sep 09 2025 05:30:00 GMT+0530 (India Standard Time),10,Registered,DEV RESIN PVT. LTD.,05AAACE0119K1Z3,02AABCD1335K1Z5,,Failed,"locator.waitFor: Timeout 20000ms exceeded.
Call log:
[2m  - waiting for locator('.ng-dropdown-panel').locator('.ng-option').filter({ hasText: 'DEV RESIN PVT. LTD.' }).first() to be visible[22m
"
2026-04-24T11:17:17.725Z,142,IN0525002650,Tue Sep 09 2025 05:30:00 GMT+0530 (India Standard Time),18,Registered,MAGPET POLYMERS PRIVATE LIMITED,05AAACE0119K1Z3,18AAICS7344C1ZA,202604248231387,Filled,"×
Success
Sales Receipt Added"
2026-04-24T11:17:26.940Z,143,IN0525002676,Wed Sep 10 2025 05:30:00 GMT+0530 (India Standard Time),18,Registered,MAGPET POLYMERS PRIVATE LIMITED,05AAACE0119K1Z3,18AAICS7344C1ZA,202604248231419,Filled,"×
Success
Sales Receipt Added"
2026-04-24T11:17:36.259Z,144,IN0525002677,Wed Sep 10 2025 05:30:00 GMT+0530 (India Standard Time),6,Registered,CREATIVE PLASTOPACK,05AAACE0119K1Z3,05ABMPA1788L1ZF,202604248231451,Filled,
2026-04-24T11:17:45.317Z,145,IN0525002698,Thu Sep 11 2025 05:30:00 GMT+0530 (India Standard Time),24,Registered,MANJUSHREE TECHNOPACK LIMITED,05AAACE0119K1Z3,05AAACM9418K1ZB,202604248231481,Filled,"×
Success
Sales Receipt Added"
2026-04-24T11:17:54.754Z,146,IN0525002753,Tue Sep 16 2025 05:30:00 GMT+0530 (India Standard Time),18,Registered,MANJUSHREE TECHNOPACK LIMITED,05AAACE0119K1Z3,02AAACM9418K1ZH,202604248231509,Filled,"×
Success
Sales Receipt Added"
2026-04-24T11:18:04.211Z,147,IN0525002764,Tue Sep 16 2025 05:30:00 GMT+0530 (India Standard Time),20,Registered,MANJUSHREE TECHNOPACK LIMITED,05AAACE0119K1Z3,29AAACM9418K1Z1,202604248231540,Filled,"×
Success
Sales Receipt Added"
2026-04-24T11:18:13.518Z,148,IN0525002794,Fri Sep 19 2025 05:30:00 GMT+0530 (India Standard Time),9,Registered,MANJUSHREE TECHNOPACK LIMITED,05AAACE0119K1Z3,05AAACM9418K1ZB,202604248231572,Filled,"×
Success
Sales Receipt Added"
2026-04-24T11:18:23.228Z,149,IN0525002795,Fri Sep 19 2025 05:30:00 GMT+0530 (India Standard Time),9,Registered,MANJUSHREE TECHNOPACK LIMITED,05AAACE0119K1Z3,05AAACM9418K1ZB,202604248231604,Filled,"×
Success
Sales Receipt Added"
2026-04-24T11:18:32.940Z,150,IN0525002803,Fri Sep 19 2025 05:30:00 GMT+0530 (India Standard Time),16,Registered,MANJUSHREE TECHNOPACK LIMITED,05AAACE0119K1Z3,26AAACM9418K1Z7,202604248231634,Filled,"×
Success
Sales Receipt Added"
2026-04-24T11:18:42.778Z,151,IN0525002949,Mon Sep 29 2025 05:30:00 GMT+0530 (India Standard Time),20,Registered,MANJUSHREE TECHNOPACK LIMITED,05AAACE0119K1Z3,06AAACM9418K2Z8,202604248231666,Filled,"×
Success
Sales Receipt Added"
2026-04-24T11:18:51.869Z,152,IN0525002953,Mon Sep 29 2025 05:30:00 GMT+0530 (India Standard Time),9,Registered,AGI GREENPAC LIMITED,05AAACE0119K1Z3,05AAACH7564H2ZJ,202604248231697,Filled,"×
Success
Sales Receipt Added"
2026-04-24T11:19:22.981Z,153,IN0525002981,Tue Sep 30 2025 05:30:00 GMT+0530 (India Standard Time),6,Registered,SHREE NAINA POLYMERS INC.,05AAACE0119K1Z3,02ABJFS6309L1Z0,,Failed,"locator.waitFor: Timeout 20000ms exceeded.
Call log:
[2m  - waiting for locator('.ng-dropdown-panel').locator('.ng-option').filter({ hasText: 'SHREE NAINA POLYMERS INC.' }).first() to be visible[22m
"
2026-04-24T11:20:54.414Z,154,IN0525002980,Tue Sep 30 2025 05:30:00 GMT+0530 (India Standard Time),6,Registered,SHREE NAINA CONTAINERS INC,05AAACE0119K1Z3,02ABDFS5889B1Z8,202604248232067,Filled,"×
Success
Sales Receipt Added"
2026-04-24T11:21:03.378Z,155,IN0525003016,Sat Oct 04 2025 05:30:00 GMT+0530 (India Standard Time),18,Registered,MANJUSHREE TECHNOPACK LIMITED,05AAACE0119K1Z3,05AAACM9418K1ZB,202604248232096,Filled,"×
Success
Sales Receipt Added"
2026-04-24T11:21:12.446Z,156,IN0525003062,Wed Oct 08 2025 05:30:00 GMT+0530 (India Standard Time),18,Registered,MAGPET POLYMERS PRIVATE LIMITED,05AAACE0119K1Z3,18AAICS7344C1ZA,202604248232126,Filled,"×
Success
Sales Receipt Added"
2026-04-24T11:21:21.648Z,157,IN0525003058,Wed Oct 08 2025 05:30:00 GMT+0530 (India Standard Time),30,Registered,MANJUSHREE TECHNOPACK LIMITED,05AAACE0119K1Z3,18AAACM9418K1Z4,202604248232155,Filled,"×
Success
Sales Receipt Added"
2026-04-24T11:21:31.613Z,158,IN0525003060,Wed Oct 08 2025 05:30:00 GMT+0530 (India Standard Time),30,Registered,MANJUSHREE TECHNOPACK LIMITED,05AAACE0119K1Z3,18AAACM9418K1Z4,202604248232187,Filled,
2026-04-24T11:21:40.356Z,159,IN0525003090,Thu Oct 09 2025 05:30:00 GMT+0530 (India Standard Time),18,Registered,CREATIVE PLASTOPACK,05AAACE0119K1Z3,05ABMPA1788L1ZF,202604248232215,Filled,"×
Success
Sales Receipt Added"
2026-04-24T11:21:49.378Z,160,IN0525003074,Thu Oct 09 2025 05:30:00 GMT+0530 (India Standard Time),18,Registered,MANJUSHREE TECHNOPACK LIMITED,05AAACE0119K1Z3,02AAACM9418K1ZH,202604248232240,Filled,"×
Success
Sales Receipt Added"
2026-04-24T11:21:58.129Z,161,IN0525003091,Thu Oct 09 2025 05:30:00 GMT+0530 (India Standard Time),6,Registered,CREATIVE PLASTOPACK,05AAACE0119K1Z3,05ABMPA1788L1ZF,202604248232272,Filled,"×
Success
Sales Receipt Added"
2026-04-24T11:22:07.114Z,162,IN0525003106,Fri Oct 10 2025 05:30:00 GMT+0530 (India Standard Time),10,Registered,PRAKASH PACKAGINGS,05AAACE0119K1Z3,23AADFP8628C1ZG,202604248232299,Filled,"×
Success
Sales Receipt Added"
2026-04-24T11:22:16.222Z,163,IN0525003125,Sat Oct 11 2025 05:30:00 GMT+0530 (India Standard Time),18,Registered,CREATIVE PLASTOPACK,05AAACE0119K1Z3,05ABMPA1788L1ZF,202604248232328,Filled,"×
Success
Sales Receipt Added"
2026-04-24T11:22:25.207Z,164,IN0525003130,Sat Oct 11 2025 05:30:00 GMT+0530 (India Standard Time),16,Registered,MANJUSHREE TECHNOPACK LIMITED,05AAACE0119K1Z3,05AAACM9418K1ZB,202604248232359,Filled,"×
Success
Sales Receipt Added"
2026-04-24T11:22:34.107Z,165,IN0525003126,Sat Oct 11 2025 05:30:00 GMT+0530 (India Standard Time),6,Registered,CREATIVE PLASTOPACK,05AAACE0119K1Z3,05ABMPA1788L1ZF,202604248232392,Filled,"×
Success
Sales Receipt Added"
2026-04-24T11:23:05.213Z,166,IN0525003153,Mon Oct 13 2025 05:30:00 GMT+0530 (India Standard Time),10,Registered,DEV RESIN PVT. LTD.,05AAACE0119K1Z3,02AABCD1335K1Z5,,Failed,"locator.waitFor: Timeout 20000ms exceeded.
Call log:
[2m  - waiting for locator('.ng-dropdown-panel').locator('.ng-option').filter({ hasText: 'DEV RESIN PVT. LTD.' }).first() to be visible[22m
"
2026-04-24T11:23:16.506Z,167,IN0525003152,Mon Oct 13 2025 05:30:00 GMT+0530 (India Standard Time),10,Registered,MANJUSHREE TECHNOPACK LIMITED,05AAACE0119K1Z3,02AAACM9418K1ZH,202604248232521,Filled,"×
Success
Sales Receipt Added"
2026-04-24T11:23:25.342Z,168,IN0525003178,Wed Oct 15 2025 05:30:00 GMT+0530 (India Standard Time),24,Registered,CREATIVE PLASTOPACK,05AAACE0119K1Z3,05ABMPA1788L1ZF,202604248232546,Filled,"×
Success
Sales Receipt Added"
2026-04-24T11:23:35.032Z,169,IN0525003198,Thu Oct 16 2025 05:30:00 GMT+0530 (India Standard Time),10,Registered,MANJUSHREE TECHNOPACK LIMITED,05AAACE0119K1Z3,02AAACM9418K1ZH,202604248232578,Filled,"×
Success
Sales Receipt Added"
2026-04-24T11:23:43.839Z,170,IN0525003190,Thu Oct 16 2025 05:30:00 GMT+0530 (India Standard Time),18,Registered,MANJUSHREE TECHNOPACK LIMITED,05AAACE0119K1Z3,06AAACM9418K2Z8,202604248232607,Filled,"×
Success
Sales Receipt Added"
2026-04-24T11:23:53.078Z,171,IN0525003197,Thu Oct 16 2025 05:30:00 GMT+0530 (India Standard Time),30,Registered,MANJUSHREE TECHNOPACK LIMITED,05AAACE0119K1Z3,18AAACM9418K1Z4,202604248232643,Filled,"×
Success
Sales Receipt Added"
2026-04-24T11:24:02.441Z,172,IN0525003216,Fri Oct 17 2025 05:30:00 GMT+0530 (India Standard Time),18,Registered,MANJUSHREE TECHNOPACK LIMITED,05AAACE0119K1Z3,05AAACM9418K1ZB,202604248232668,Filled,
2026-04-24T11:24:11.406Z,173,IN0525003227,Sat Oct 18 2025 05:30:00 GMT+0530 (India Standard Time),24,Registered,CREATIVE PLASTOPACK,05AAACE0119K1Z3,05ABMPA1788L1ZF,202604248232697,Filled,"×
Success
Sales Receipt Added"
2026-04-24T11:24:20.503Z,174,IN0525003221,Sat Oct 18 2025 05:30:00 GMT+0530 (India Standard Time),30,Registered,MANJUSHREE TECHNOPACK LIMITED,05AAACE0119K1Z3,18AAACM9418K1Z4,202604248232726,Filled,"×
Success
Sales Receipt Added"
2026-04-24T11:24:29.673Z,175,IN0525003261,Thu Oct 23 2025 05:30:00 GMT+0530 (India Standard Time),18,Registered,MAGPET POLYMERS PRIVATE LIMITED,05AAACE0119K1Z3,18AAICS7344C1ZA,202604248232755,Filled,"×
Success
Sales Receipt Added"
2026-04-24T11:24:38.685Z,176,IN0525003274,Fri Oct 24 2025 05:30:00 GMT+0530 (India Standard Time),30,Registered,MANJUSHREE TECHNOPACK LIMITED,05AAACE0119K1Z3,18AAACM9418K1Z4,202604248232784,Filled,"×
Success
Sales Receipt Added"
2026-04-24T11:24:48.133Z,177,IN0525003287,Sat Oct 25 2025 05:30:00 GMT+0530 (India Standard Time),30,Registered,MANJUSHREE TECHNOPACK LIMITED,05AAACE0119K1Z3,18AAACM9418K1Z4,,Failed,"Duplicate EPR Invoice Number: EPR Invoice Number
Reset"
2026-04-24T11:25:19.042Z,178,IN0525003339,Wed Oct 29 2025 05:30:00 GMT+0530 (India Standard Time),14,Registered,SHREE NAINA POLYMERS INC.,05AAACE0119K1Z3,02ABJFS6309L1Z0,,Failed,"locator.waitFor: Timeout 20000ms exceeded.
Call log:
[2m  - waiting for locator('.ng-dropdown-panel').locator('.ng-option').filter({ hasText: 'SHREE NAINA POLYMERS INC.' }).first() to be visible[22m
"
2026-04-24T11:26:25.913Z,179,IN0525003326,Wed Oct 29 2025 05:30:00 GMT+0530 (India Standard Time),0.1,Registered,TAKEMOTO YOHKI INDIA PRIVATE LIMITE,05AAACE0119K1Z3,24AAFCT9033N1ZY,202604248233107,Filled,"×
Success
Sales Receipt Added"
2026-04-24T11:26:57.180Z,180,IN0525003360,Thu Oct 30 2025 05:30:00 GMT+0530 (India Standard Time),10,Registered,CREATIVE PROPACK LIMITED (PUDUCHERR,05AAACE0119K1Z3,34AAACE6761H1ZP,,Failed,"locator.waitFor: Timeout 20000ms exceeded.
Call log:
[2m  - waiting for locator('.ng-dropdown-panel').locator('.ng-option').filter({ hasText: 'CREATIVE PROPACK LIMITED (PUDUCHERR' }).first() to be visible[22m
"
2026-04-24T11:27:09.874Z,181,IN0525003358,Thu Oct 30 2025 05:30:00 GMT+0530 (India Standard Time),4,Registered,CREATIVE PLASTOPACK,05AAACE0119K1Z3,05ABMPA1788L1ZF,202604248233242,Filled,"×
Success
Sales Receipt Added"
2026-04-24T11:27:19.030Z,182,IN0525003379,Fri Oct 31 2025 05:30:00 GMT+0530 (India Standard Time),19,Registered,MANJUSHREE TECHNOPACK LIMITED,05AAACE0119K1Z3,05AAACM9418K1ZB,202604248233270,Filled,"×
Success
Sales Receipt Added"
2026-04-24T11:27:28.325Z,183,IN0525003373,Fri Oct 31 2025 05:30:00 GMT+0530 (India Standard Time),10,Registered,MANJUSHREE TECHNOPACK LIMITED,05AAACE0119K1Z3,02AAACM9418K1ZH,202604248233301,Filled,
2026-04-24T11:27:59.987Z,184,IN0525003432,Tue Nov 04 2025 05:30:00 GMT+0530 (India Standard Time),2,Registered,AMD INDUSTRIES LTD,05AAACE0119K1Z3,08AAACA2843C1Z7,,Failed,"locator.waitFor: Timeout 20000ms exceeded.
Call log:
[2m  - waiting for locator('.ng-dropdown-panel').locator('.ng-option').filter({ hasText: 'AMD INDUSTRIES LTD' }).first() to be visible[22m
"
2026-04-24T11:28:15.915Z,185,IN0525003452,Wed Nov 05 2025 05:30:00 GMT+0530 (India Standard Time),30,Registered,MANJUSHREE TECHNOPACK LIMITED,05AAACE0119K1Z3,18AAACM9418K1Z4,202604248233447,Filled,"×
Success
Sales Receipt Added"
2026-04-24T11:28:25.165Z,186,IN0525003453,Wed Nov 05 2025 05:30:00 GMT+0530 (India Standard Time),30,Registered,MANJUSHREE TECHNOPACK LIMITED,05AAACE0119K1Z3,18AAACM9418K1Z4,202604248233477,Filled,"×
Success
Sales Receipt Added"
2026-04-24T11:28:34.876Z,187,IN0525003465,Thu Nov 06 2025 05:30:00 GMT+0530 (India Standard Time),10,Registered,MANJUSHREE TECHNOPACK LIMITED,05AAACE0119K1Z3,02AAACM9418K1ZH,202604248233510,Filled,"×
Success
Sales Receipt Added"
2026-04-24T11:28:43.695Z,188,IN0525003457,Thu Nov 06 2025 05:30:00 GMT+0530 (India Standard Time),18,Registered,CREATIVE PLASTOPACK,05AAACE0119K1Z3,05ABMPA1788L1ZF,202604248233537,Filled,"×
Success
Sales Receipt Added"
2026-04-24T11:28:52.826Z,189,IN0525003493,Fri Nov 07 2025 05:30:00 GMT+0530 (India Standard Time),10,Registered,MANJUSHREE TECHNOPACK LIMITED,05AAACE0119K1Z3,02AAACM9418K1ZH,202604248233565,Filled,"×
Success
Sales Receipt Added"
2026-04-24T11:29:01.774Z,190,IN0525003494,Fri Nov 07 2025 05:30:00 GMT+0530 (India Standard Time),12,Registered,MANJUSHREE TECHNOPACK LIMITED,05AAACE0119K1Z3,02AAACM9418K1ZH,202604248233590,Filled,"×
Success
Sales Receipt Added"
2026-04-24T11:29:10.738Z,191,IN0525003495,Fri Nov 07 2025 05:30:00 GMT+0530 (India Standard Time),2,Registered,MANJUSHREE TECHNOPACK LIMITED,05AAACE0119K1Z3,02AAACM9418K1ZH,202604248233616,Filled,"×
Success
Sales Receipt Added"
2026-04-24T11:29:19.525Z,192,IN0525003544,Mon Nov 10 2025 05:30:00 GMT+0530 (India Standard Time),24,Registered,CREATIVE PLASTOPACK,05AAACE0119K1Z3,05ABMPA1788L1ZF,202604248233649,Filled,"×
Success
Sales Receipt Added"
2026-04-24T11:29:29.278Z,193,IN0525003566,Tue Nov 11 2025 05:30:00 GMT+0530 (India Standard Time),18,Registered,MANJUSHREE TECHNOPACK LIMITED,05AAACE0119K1Z3,05AAACM9418K1ZB,202604248233682,Filled,"×
Success
Sales Receipt Added"
2026-04-24T11:29:39.403Z,194,IN0525003575,Wed Nov 12 2025 05:30:00 GMT+0530 (India Standard Time),0.125,Registered,HITECH CORPORATION LIMITED,05AAACE0119K1Z3,29AAACH5161N1Z8,202604248233714,Filled,"×
Success
Sales Receipt Added"
2026-04-24T11:29:48.535Z,195,IN0525003623,Fri Nov 14 2025 05:30:00 GMT+0530 (India Standard Time),15,Registered,MANJUSHREE TECHNOPACK LIMITED,05AAACE0119K1Z3,06AAACM9418K2Z8,202604248233744,Filled,"×
Success
Sales Receipt Added"
2026-04-24T11:30:20.185Z,196,IN0525003688,Tue Nov 18 2025 05:30:00 GMT+0530 (India Standard Time),5,Registered,VIMONI (INDIA) PVT. LTD.,05AAACE0119K1Z3,08AAACV3859K1ZV,,Failed,"locator.waitFor: Timeout 20000ms exceeded.
Call log:
[2m  - waiting for locator('.ng-dropdown-panel').locator('.ng-option').filter({ hasText: 'VIMONI (INDIA) PVT. LTD.' }).first() to be visible[22m
"
2026-04-24T11:30:27.989Z,197,IN0525003703,Wed Nov 19 2025 05:30:00 GMT+0530 (India Standard Time),10,Registered,AGI GREENPAC LIMITED,05AAACE0119K1Z3,05AAACH7564H2ZJ,202604248233862,Filled,"×
Success
Sales Receipt Added"
2026-04-24T11:30:37.009Z,198,IN0525003702,Wed Nov 19 2025 05:30:00 GMT+0530 (India Standard Time),10,Registered,MANJUSHREE TECHNOPACK LIMITED,05AAACE0119K1Z3,02AAACM9418K1ZH,202604248233895,Filled,"×
Success
Sales Receipt Added"
2026-04-24T11:30:46.087Z,199,IN0525003698,Wed Nov 19 2025 05:30:00 GMT+0530 (India Standard Time),24,Registered,CREATIVE PLASTOPACK,05AAACE0119K1Z3,05ABMPA1788L1ZF,202604248233921,Filled,"×
Success
Sales Receipt Added"
2026-04-24T11:31:17.228Z,200,IN0525003712,Thu Nov 20 2025 05:30:00 GMT+0530 (India Standard Time),10,Registered,DEV RESIN PVT. LTD.,05AAACE0119K1Z3,02AABCD1335K1Z5,,Failed,"locator.waitFor: Timeout 20000ms exceeded.
Call log:
[2m  - waiting for locator('.ng-dropdown-panel').locator('.ng-option').filter({ hasText: 'DEV RESIN PVT. LTD.' }).first() to be visible[22m
"
2026-04-24T11:31:27.656Z,201,IN0525003713,Thu Nov 20 2025 05:30:00 GMT+0530 (India Standard Time),15,Registered,MANJUSHREE TECHNOPACK LIMITED,05AAACE0119K1Z3,05AAACM9418K1ZB,202604248234032,Filled,"×
Success
Sales Receipt Added"
2026-04-24T11:31:37.224Z,202,IN0525003769,Tue Nov 25 2025 05:30:00 GMT+0530 (India Standard Time),10,Registered,MANJUSHREE TECHNOPACK LIMITED,05AAACE0119K1Z3,06AAACM9418K2Z8,202604248234063,Filled,"×
Success
Sales Receipt Added"
2026-04-24T11:31:46.175Z,203,IN0525003775,Tue Nov 25 2025 05:30:00 GMT+0530 (India Standard Time),18,Registered,CREATIVE PLASTOPACK,05AAACE0119K1Z3,05ABMPA1788L1ZF,202604248234096,Filled,"×
Success
Sales Receipt Added"
2026-04-24T11:31:55.950Z,204,IN0525003772,Tue Nov 25 2025 05:30:00 GMT+0530 (India Standard Time),10,Registered,MANJUSHREE TECHNOPACK LIMITED,05AAACE0119K1Z3,05AAACM9418K1ZB,202604248234120,Filled,"×
Success
Sales Receipt Added"
2026-04-24T11:32:04.736Z,205,IN0525003767,Tue Nov 25 2025 05:30:00 GMT+0530 (India Standard Time),24,Registered,CREATIVE PLASTOPACK,05AAACE0119K1Z3,05ABMPA1788L1ZF,202604248234149,Filled,"×
Success
Sales Receipt Added"
2026-04-24T11:32:14.552Z,206,IN0525003774,Tue Nov 25 2025 05:30:00 GMT+0530 (India Standard Time),10,Registered,MANJUSHREE TECHNOPACK LIMITED,05AAACE0119K1Z3,02AAACM9418K1ZH,202604248234175,Filled,"×
Success
Sales Receipt Added"
2026-04-24T11:32:23.560Z,207,IN0525003810,Fri Nov 28 2025 05:30:00 GMT+0530 (India Standard Time),16,Registered,MANJUSHREE TECHNOPACK LIMITED,05AAACE0119K1Z3,02AAACM9418K1ZH,202604248234203,Filled,"×
Success
Sales Receipt Added"
2026-04-24T11:32:32.760Z,208,IN0525003823,Sat Nov 29 2025 05:30:00 GMT+0530 (India Standard Time),10,Registered,MANJUSHREE TECHNOPACK LIMITED,05AAACE0119K1Z3,05AAACM9418K1ZB,202604248234235,Filled,"×
Success
Sales Receipt Added"
2026-04-24T11:32:42.382Z,209,IN0525003834,Sun Nov 30 2025 05:30:00 GMT+0530 (India Standard Time),18,Registered,VACMET INDIA LIMITED,05AAACE0119K1Z3,09AAACV5120B1ZU,202604248234266,Filled,"×
Success
Sales Receipt Added"
2026-04-24T11:32:51.469Z,210,IN0525003836,Sun Nov 30 2025 05:30:00 GMT+0530 (India Standard Time),18,Registered,CREATIVE PLASTOPACK,05AAACE0119K1Z3,05ABMPA1788L1ZF,202604248234294,Filled,"×
Success
Sales Receipt Added"
2026-04-24T11:33:00.267Z,211,IN0525003833,Sun Nov 30 2025 05:30:00 GMT+0530 (India Standard Time),30,Registered,CREATIVE PROPLAST LIMITED,05AAACE0119K1Z3,26AAJCC1918R1Z5,202604248234320,Filled,"×
Success
Sales Receipt Added"
2026-04-24T11:33:09.245Z,212,IN0525003863,Thu Dec 04 2025 05:30:00 GMT+0530 (India Standard Time),18,Registered,MANJUSHREE TECHNOPACK LIMITED,05AAACE0119K1Z3,05AAACM9418K1ZB,202604248234346,Filled,"×
Success
Sales Receipt Added"
2026-04-24T11:33:18.444Z,213,IN0525003917,Mon Dec 08 2025 05:30:00 GMT+0530 (India Standard Time),22,Registered,MANJUSHREE TECHNOPACK LIMITED,05AAACE0119K1Z3,05AAACM9418K1ZB,202604248234377,Filled,"×
Success
Sales Receipt Added"
2026-04-24T11:33:27.410Z,214,IN0525003944,Wed Dec 10 2025 05:30:00 GMT+0530 (India Standard Time),30,Registered,MANJUSHREE TECHNOPACK LIMITED,05AAACE0119K1Z3,06AAACM9418K2Z8,202604248234401,Filled,"×
Success
Sales Receipt Added"
2026-04-24T11:33:36.983Z,215,IN0525003942,Wed Dec 10 2025 05:30:00 GMT+0530 (India Standard Time),20,Registered,MANJUSHREE TECHNOPACK LIMITED,05AAACE0119K1Z3,02AAACM9418K1ZH,202604248234431,Filled,"×
Success
Sales Receipt Added"
2026-04-24T11:34:07.959Z,216,IN0525003958,Thu Dec 11 2025 05:30:00 GMT+0530 (India Standard Time),10,Registered,DEV RESIN PVT. LTD.,05AAACE0119K1Z3,02AABCD1335K1Z5,,Failed,"locator.waitFor: Timeout 20000ms exceeded.
Call log:
[2m  - waiting for locator('.ng-dropdown-panel').locator('.ng-option').filter({ hasText: 'DEV RESIN PVT. LTD.' }).first() to be visible[22m
"
2026-04-24T11:34:15.994Z,217,IN0525003950,Thu Dec 11 2025 05:30:00 GMT+0530 (India Standard Time),24,Registered,CREATIVE PLASTOPACK,05AAACE0119K1Z3,05ABMPA1788L1ZF,202604248234556,Filled,"×
Success
Sales Receipt Added"
2026-04-24T11:34:25.180Z,218,IN0525003982,Fri Dec 12 2025 05:30:00 GMT+0530 (India Standard Time),18,Registered,MANJUSHREE TECHNOPACK LIMITED,05AAACE0119K1Z3,05AAACM9418K1ZB,202604248234586,Filled,"×
Success
Sales Receipt Added"
2026-04-24T11:34:35.559Z,219,IN0525003999,Sat Dec 13 2025 05:30:00 GMT+0530 (India Standard Time),10,Registered,AMAYA INDUSTRIES PRIVATE LIMITED,05AAACE0119K1Z3,08ABCCA9164B1ZT,202604248234614,Filled,"×
Success
Sales Receipt Added"
2026-04-24T11:34:45.240Z,220,IN0525003991,Sat Dec 13 2025 05:30:00 GMT+0530 (India Standard Time),18,Registered,MAGPET POLYMERS PRIVATE LIMITED,05AAACE0119K1Z3,18AAICS7344C1ZA,202604248234648,Filled,"×
Success
Sales Receipt Added"
2026-04-24T11:34:54.345Z,221,IN0525004040,Mon Dec 15 2025 05:30:00 GMT+0530 (India Standard Time),18,Registered,MANJUSHREE TECHNOPACK LIMITED,05AAACE0119K1Z3,05AAACM9418K1ZB,202604248234679,Filled,"×
Success
Sales Receipt Added"
2026-04-24T11:35:04.316Z,222,IN0525004041,Mon Dec 15 2025 05:30:00 GMT+0530 (India Standard Time),18,Registered,CREATIVE PLASTOPACK,05AAACE0119K1Z3,05ABMPA1788L1ZF,202604248234717,Filled,"×
Success
Sales Receipt Added"
2026-04-24T11:35:13.474Z,223,IN0525004082,Thu Dec 18 2025 05:30:00 GMT+0530 (India Standard Time),24,Registered,CREATIVE PLASTOPACK,05AAACE0119K1Z3,05ABMPA1788L1ZF,202604248234753,Filled,"×
Success
Sales Receipt Added"
2026-04-24T11:35:45.037Z,224,IN0525004130,Sun Dec 21 2025 05:30:00 GMT+0530 (India Standard Time),1.5,Registered,ALPLA INDIA PVT LTD,05AAACE0119K1Z3,26AAFCA3154M1ZL,,Failed,"locator.waitFor: Timeout 20000ms exceeded.
Call log:
[2m  - waiting for locator('.ng-dropdown-panel').locator('.ng-option').filter({ hasText: 'ALPLA INDIA PVT LTD' }).first() to be visible[22m
"
2026-04-24T11:35:56.223Z,225,EX0525000657,Tue Dec 23 2025 05:30:00 GMT+0530 (India Standard Time),18,Registered,CREATIVE PROPACK LIMITED,05AAACE0119K1Z3,23AAACE6761H1ZS,202604248234969,Filled,"×
Success
Sales Receipt Added"
2026-04-24T11:36:05.366Z,226,IN0525004243,Fri Dec 26 2025 05:30:00 GMT+0530 (India Standard Time),18,Registered,MANJUSHREE TECHNOPACK LIMITED,05AAACE0119K1Z3,05AAACM9418K1ZB,202604248235026,Filled,"×
Success
Sales Receipt Added"
2026-04-24T11:36:15.034Z,227,IN0525004244,Fri Dec 26 2025 05:30:00 GMT+0530 (India Standard Time),6,Registered,MANJUSHREE TECHNOPACK LIMITED,05AAACE0119K1Z3,05AAACM9418K1ZB,202604248235079,Filled,"×
Success
Sales Receipt Added"
2026-04-24T11:36:23.973Z,228,IN0525004257,Sat Dec 27 2025 05:30:00 GMT+0530 (India Standard Time),24,Registered,CREATIVE PLASTOPACK,05AAACE0119K1Z3,05ABMPA1788L1ZF,202604248235129,Filled,"×
Success
Sales Receipt Added"
2026-04-24T11:36:33.105Z,229,IN0525004255,Sat Dec 27 2025 05:30:00 GMT+0530 (India Standard Time),0.1,Registered,SAMKIN TREASURE MOLDERS PRIVATE LIM,05AAACE0119K1Z3,24ABDCS8842F1Z9,202604248235179,Filled,"×
Success
Sales Receipt Added"
2026-04-24T11:36:42.036Z,230,IN0525004258,Sat Dec 27 2025 05:30:00 GMT+0530 (India Standard Time),10,Registered,AGI GREENPAC LIMITED,05AAACE0119K1Z3,05AAACH7564H2ZJ,202604248235228,Filled,"×
Success
Sales Receipt Added"
2026-04-24T11:36:51.269Z,231,IN0525004269,Sun Dec 28 2025 05:30:00 GMT+0530 (India Standard Time),18,Registered,MAGPET POLYMERS PRIVATE LIMITED,05AAACE0119K1Z3,18AAICS7344C1ZA,202604248235286,Filled,"×
Success
Sales Receipt Added"
2026-04-24T11:37:00.342Z,232,IN0525004310,Tue Dec 30 2025 05:30:00 GMT+0530 (India Standard Time),18,Registered,AMAYA INDUSTRIES PRIVATE LIMITED,05AAACE0119K1Z3,08ABCCA9164B1ZT,202604248235316,Filled,"×
Success
Sales Receipt Added"
2026-04-24T11:37:10.087Z,233,IN0525004308,Tue Dec 30 2025 05:30:00 GMT+0530 (India Standard Time),30,Registered,MANJUSHREE TECHNOPACK LIMITED,05AAACE0119K1Z3,18AAACM9418K1Z4,202604248235366,Filled,"×
Success
Sales Receipt Added"
2026-04-24T11:37:20.338Z,234,IN0525004322,Wed Dec 31 2025 05:30:00 GMT+0530 (India Standard Time),10,Registered,MANJUSHREE TECHNOPACK LIMITED,05AAACE0119K1Z3,02AAACM9418K1ZH,202604248235423,Filled,"×
Success
Sales Receipt Added"
2026-04-24T11:37:30.611Z,235,IN0525004318,Wed Dec 31 2025 05:30:00 GMT+0530 (India Standard Time),30,Registered,MANJUSHREE TECHNOPACK LIMITED,05AAACE0119K1Z3,02AAACM9418K1ZH,202604248235484,Filled,"×
Success
Sales Receipt Added"
2026-04-24T11:37:39.685Z,236,IN0525004411,Tue Jan 06 2026 05:30:00 GMT+0530 (India Standard Time),18,Registered,MANJUSHREE TECHNOPACK LIMITED,05AAACE0119K1Z3,05AAACM9418K1ZB,202604248235536,Filled,"×
Success
Sales Receipt Added"
2026-04-24T11:37:48.566Z,237,IN0525004412,Tue Jan 06 2026 05:30:00 GMT+0530 (India Standard Time),10,Registered,PRAKASH PACKAGINGS,05AAACE0119K1Z3,23AADFP8628C1ZG,202604248235587,Filled,"×
Success
Sales Receipt Added"
2026-04-24T11:37:57.740Z,238,IN0525004431,Thu Jan 08 2026 05:30:00 GMT+0530 (India Standard Time),24,Registered,CREATIVE PROPLAST LIMITED,05AAACE0119K1Z3,26AAJCC1918R1Z5,202604248235638,Filled,
2026-04-24T11:38:07.306Z,239,IN0525004446,Fri Jan 09 2026 05:30:00 GMT+0530 (India Standard Time),9.9,Registered,POLYPLEX CORPORATION LIMITED,05AAACE0119K1Z3,05AAACP0278J1ZI,202604248235690,Filled,"×
Success
Sales Receipt Added"
2026-04-24T11:38:40.107Z,240,IN0525004468,Sat Jan 10 2026 05:30:00 GMT+0530 (India Standard Time),10,Registered,DEV RESIN PVT. LTD.,05AAACE0119K1Z3,02AABCD1335K1Z5,,Failed,"locator.waitFor: Timeout 20000ms exceeded.
Call log:
[2m  - waiting for locator('.ng-dropdown-panel').locator('.ng-option').filter({ hasText: 'DEV RESIN PVT. LTD.' }).first() to be visible[22m
"
2026-04-24T11:38:51.152Z,241,IN0525004476,Sun Jan 11 2026 05:30:00 GMT+0530 (India Standard Time),15.3,Registered,POLYPLEX CORPORATION LIMITED,05AAACE0119K1Z3,05AAACP0278J1ZI,202604248235953,Filled,"×
Success
Sales Receipt Added"
2026-04-24T11:39:01.629Z,242,IN0525004506,Mon Jan 12 2026 05:30:00 GMT+0530 (India Standard Time),18,Registered,MANJUSHREE TECHNOPACK LIMITED,05AAACE0119K1Z3,05AAACM9418K1ZB,202604248236025,Filled,"×
Success
Sales Receipt Added"
2026-04-24T11:39:11.851Z,243,IN0525004504,Mon Jan 12 2026 05:30:00 GMT+0530 (India Standard Time),4.8,Registered,POLYPLEX CORPORATION LIMITED,05AAACE0119K1Z3,05AAACP0278J1ZI,202604248236082,Filled,"×
Success
Sales Receipt Added"
2026-04-24T11:39:22.138Z,244,IN0525004524,Tue Jan 13 2026 05:30:00 GMT+0530 (India Standard Time),24,Registered,CREATIVE PLASTOPACK,05AAACE0119K1Z3,05ABMPA1788L1ZF,202604248236137,Filled,"×
Success
Sales Receipt Added"
2026-04-24T11:39:54.456Z,245,IN0525004548,Wed Jan 14 2026 05:30:00 GMT+0530 (India Standard Time),5,Registered,SSF PLASTICS INDIA LTD,05AAACE0119K1Z3,26AAKCS4412K1Z7,,Failed,"locator.waitFor: Timeout 20000ms exceeded.
Call log:
[2m  - waiting for locator('.ng-dropdown-panel').locator('.ng-option').filter({ hasText: 'SSF PLASTICS INDIA LTD' }).first() to be visible[22m
"
2026-04-24T11:40:30.082Z,246,IN0525004541,Wed Jan 14 2026 05:30:00 GMT+0530 (India Standard Time),18,Registered,CREATIVE PROPACK LIMITED (PUDUCHERR,05AAACE0119K1Z3,34AAACE6761H1ZP,,Failed,"locator.waitFor: Timeout 20000ms exceeded.
Call log:
[2m  - waiting for locator('.ng-dropdown-panel').locator('.ng-option').filter({ hasText: 'CREATIVE PROPACK LIMITED (PUDUCHERR' }).first() to be visible[22m
"
2026-04-24T11:40:55.738Z,247,IN0525004577,Fri Jan 16 2026 05:30:00 GMT+0530 (India Standard Time),24,Registered,CREATIVE PLASTOPACK,05AAACE0119K1Z3,05ABMPA1788L1ZF,202604248236666,Filled,"×
Success
Sales Receipt Added"
2026-04-24T11:41:05.295Z,248,IN0525004580,Fri Jan 16 2026 05:30:00 GMT+0530 (India Standard Time),18,Registered,MANJUSHREE TECHNOPACK LIMITED,05AAACE0119K1Z3,05AAACM9418K1ZB,202604248236719,Filled,"×
Success
Sales Receipt Added"
2026-04-24T11:41:15.288Z,249,IN0525004581,Fri Jan 16 2026 05:30:00 GMT+0530 (India Standard Time),6,Registered,MANJUSHREE TECHNOPACK LIMITED,05AAACE0119K1Z3,05AAACM9418K1ZB,202604248236770,Filled,
2026-04-24T11:41:46.456Z,250,IN0525004603,Sat Jan 17 2026 05:30:00 GMT+0530 (India Standard Time),10,Registered,VIMONI (INDIA) PVT. LTD.,05AAACE0119K1Z3,08AAACV3859K1ZV,,Failed,"locator.waitFor: Timeout 20000ms exceeded.
Call log:
[2m  - waiting for locator('.ng-dropdown-panel').locator('.ng-option').filter({ hasText: 'VIMONI (INDIA) PVT. LTD.' }).first() to be visible[22m
"
2026-04-24T11:41:56.020Z,251,IN0525004662,Tue Jan 20 2026 05:30:00 GMT+0530 (India Standard Time),24,Registered,CREATIVE PROPLAST LIMITED,05AAACE0119K1Z3,26AAJCC1918R1Z5,202604248237010,Filled,"×
Success
Sales Receipt Added"
2026-04-24T11:42:04.995Z,252,IN0525004664,Tue Jan 20 2026 05:30:00 GMT+0530 (India Standard Time),20,Registered,PRAKASH PACKAGINGS,05AAACE0119K1Z3,23AADFP8628C1ZG,202604248237051,Filled,"×
Success
Sales Receipt Added"
2026-04-24T11:42:14.022Z,253,IN0525004688,Wed Jan 21 2026 05:30:00 GMT+0530 (India Standard Time),18,Registered,MANJUSHREE TECHNOPACK LIMITED,05AAACE0119K1Z3,05AAACM9418K1ZB,202604248237055,Filled,"×
Success
Sales Receipt Added"
2026-04-24T11:42:24.108Z,254,IN0525004684,Wed Jan 21 2026 05:30:00 GMT+0530 (India Standard Time),30,Registered,MANJUSHREE TECHNOPACK LIMITED,05AAACE0119K1Z3,18AAACM9418K1Z4,202604248237103,Filled,"×
Success
Sales Receipt Added"
2026-04-24T11:42:32.949Z,255,IN0525004717,Thu Jan 22 2026 05:30:00 GMT+0530 (India Standard Time),18,Registered,VACMET INDIA LIMITED,05AAACE0119K1Z3,09AAACV5120B1ZU,202604248237149,Filled,"×
Success
Sales Receipt Added"
2026-04-24T11:42:42.963Z,256,IN0525004702,Thu Jan 22 2026 05:30:00 GMT+0530 (India Standard Time),7,Registered,MANJUSHREE TECHNOPACK LIMITED,05AAACE0119K1Z3,05AAACM9418K1ZB,202604248237200,Filled,
2026-04-24T11:42:51.964Z,257,IN0525004742,Fri Jan 23 2026 05:30:00 GMT+0530 (India Standard Time),24,Registered,CREATIVE PLASTOPACK,05AAACE0119K1Z3,05ABMPA1788L1ZF,202604248237256,Filled,"×
Success
Sales Receipt Added"
2026-04-24T11:43:01.165Z,258,EX0525000697,Fri Jan 23 2026 05:30:00 GMT+0530 (India Standard Time),0.5,Registered,CREATIVE PLASTICS AND PLASTOPACK,05AAACE0119K1Z3,24AAJCC3029K1ZP,202604248237308,Filled,"×
Success
Sales Receipt Added"
2026-04-24T11:43:32.919Z,259,IN0525004756,Sat Jan 24 2026 05:30:00 GMT+0530 (India Standard Time),10,Registered,DEV RESIN PVT. LTD.,05AAACE0119K1Z3,02AABCD1335K1Z5,,Failed,"locator.waitFor: Timeout 20000ms exceeded.
Call log:
[2m  - waiting for locator('.ng-dropdown-panel').locator('.ng-option').filter({ hasText: 'DEV RESIN PVT. LTD.' }).first() to be visible[22m
"
2026-04-24T11:43:43.861Z,260,IN0525004794,Tue Jan 27 2026 05:30:00 GMT+0530 (India Standard Time),24,Registered,CREATIVE PLASTOPACK,05AAACE0119K1Z3,05ABMPA1788L1ZF,202604248237551,Filled,"×
Success
Sales Receipt Added"
2026-04-24T11:43:54.429Z,261,IN0525004798,Tue Jan 27 2026 05:30:00 GMT+0530 (India Standard Time),20,Registered,MANJUSHREE TECHNOPACK LIMITED,05AAACE0119K1Z3,05AAACM9418K1ZB,202604248237616,Filled,"×
Success
Sales Receipt Added"
2026-04-24T11:44:04.343Z,262,IN0525004808,Wed Jan 28 2026 05:30:00 GMT+0530 (India Standard Time),30,Registered,MANJUSHREE TECHNOPACK LIMITED,05AAACE0119K1Z3,18AAACM9418K1Z4,202604248237676,Filled,"×
Success
Sales Receipt Added"
2026-04-24T11:44:13.835Z,263,IN0525004810,Wed Jan 28 2026 05:30:00 GMT+0530 (India Standard Time),24,Registered,MAGPET POLYMERS PRIVATE LIMITED,05AAACE0119K1Z3,18AAICS7344C1ZA,202604248237730,Filled,"×
Success
Sales Receipt Added"
2026-04-24T11:44:23.496Z,264,IN0525004811,Wed Jan 28 2026 05:30:00 GMT+0530 (India Standard Time),18,Registered,MAGPET POLYMERS PRIVATE LIMITED,05AAACE0119K1Z3,19AAICS7344C1Z8,202604248237792,Filled,"×
Success
Sales Receipt Added"
2026-04-24T11:44:33.587Z,265,IN0525004858,Fri Jan 30 2026 05:30:00 GMT+0530 (India Standard Time),20,Registered,MANJUSHREE TECHNOPACK LIMITED,05AAACE0119K1Z3,06AAACM9418K2Z8,202604248237843,Filled,"×
Success
Sales Receipt Added"
2026-04-24T11:44:43.376Z,266,IN0525004877,Sat Jan 31 2026 05:30:00 GMT+0530 (India Standard Time),10,Registered,MANJUSHREE TECHNOPACK LIMITED,05AAACE0119K1Z3,05AAACM9418K1ZB,202604248237911,Filled,"×
Success
Sales Receipt Added"
2026-04-24T11:44:52.946Z,267,IN0525004881,Sat Jan 31 2026 05:30:00 GMT+0530 (India Standard Time),10,Registered,MANJUSHREE TECHNOPACK LIMITED,05AAACE0119K1Z3,05AAACM9418K1ZB,202604248237969,Filled,"×
Success
Sales Receipt Added"
2026-04-24T11:45:03.098Z,268,EX0525000713,Sat Jan 31 2026 05:30:00 GMT+0530 (India Standard Time),18,Registered,CREATIVE PROPACK LIMITED,05AAACE0119K1Z3,23AAACE6761H1ZS,202604248238031,Filled,"×
Success
Sales Receipt Added"
2026-04-24T11:45:12.221Z,269,IN0525005008,Tue Feb 10 2026 05:30:00 GMT+0530 (India Standard Time),18,Registered,MANJUSHREE TECHNOPACK LIMITED,05AAACE0119K1Z3,05AAACM9418K1ZB,202604248238083,Filled,"×
Success
Sales Receipt Added"
2026-04-24T11:45:21.891Z,270,IN0525005014,Tue Feb 10 2026 05:30:00 GMT+0530 (India Standard Time),7,Registered,MANJUSHREE TECHNOPACK LIMITED,05AAACE0119K1Z3,05AAACM9418K1ZB,202604248238145,Filled,"×
Success
Sales Receipt Added"
2026-04-24T11:45:31.138Z,271,IN0525005024,Wed Feb 11 2026 05:30:00 GMT+0530 (India Standard Time),15,Registered,MANJUSHREE TECHNOPACK LIMITED,05AAACE0119K1Z3,02AAACM9418K1ZH,202604248238198,Filled,"×
Success
Sales Receipt Added"
2026-04-24T11:45:39.975Z,272,IN0525005035,Thu Feb 12 2026 05:30:00 GMT+0530 (India Standard Time),12,Registered,CREATIVE PLASTOPACK,05AAACE0119K1Z3,05ABMPA1788L1ZF,202604248238253,Filled,"×
Success
Sales Receipt Added"
2026-04-24T11:45:48.949Z,273,IN0525005069,Sat Feb 14 2026 05:30:00 GMT+0530 (India Standard Time),30,Registered,TECHNOPLAST PACKAGING PVT LTD,05AAACE0119K1Z3,23AAHCT6508Q1ZU,202604248238302,Filled,"×
Success
Sales Receipt Added"
2026-04-24T11:45:57.854Z,274,IN0525005065,Sat Feb 14 2026 05:30:00 GMT+0530 (India Standard Time),12,Registered,CREATIVE PLASTOPACK,05AAACE0119K1Z3,05ABMPA1788L1ZF,202604248238351,Filled,"×
Success
Sales Receipt Added"
2026-04-24T11:46:07.520Z,275,IN0525005091,Mon Feb 16 2026 05:30:00 GMT+0530 (India Standard Time),18,Registered,MANJUSHREE TECHNOPACK LIMITED,05AAACE0119K1Z3,05AAACM9418K1ZB,202604248238399,Filled,"×
Success
Sales Receipt Added"
2026-04-24T11:46:17.094Z,276,IN0525005117,Tue Feb 17 2026 05:30:00 GMT+0530 (India Standard Time),24,Registered,CREATIVE PLASTOPACK,05AAACE0119K1Z3,05ABMPA1788L1ZF,202604248238459,Filled,"×
Success
Sales Receipt Added"
2026-04-24T11:46:26.690Z,277,IN0525005137,Wed Feb 18 2026 05:30:00 GMT+0530 (India Standard Time),30,Registered,MANJUSHREE TECHNOPACK LIMITED,05AAACE0119K1Z3,18AAACM9418K1Z4,202604248238511,Filled,"×
Success
Sales Receipt Added"
2026-04-24T11:46:37.009Z,278,IN0525005132,Wed Feb 18 2026 05:30:00 GMT+0530 (India Standard Time),10,Registered,MANJUSHREE TECHNOPACK LIMITED,05AAACE0119K1Z3,02AAACM9418K1ZH,202604248238567,Filled,"×
Success
Sales Receipt Added"
2026-04-24T11:46:46.646Z,279,IN0525005134,Wed Feb 18 2026 05:30:00 GMT+0530 (India Standard Time),10,Registered,MANJUSHREE TECHNOPACK LIMITED,05AAACE0119K1Z3,06AAACM9418K2Z8,202604248238621,Filled,"×
Success
Sales Receipt Added"
2026-04-24T11:47:17.907Z,280,IN0525005159,Thu Feb 19 2026 05:30:00 GMT+0530 (India Standard Time),18,Registered,DEV RESIN PVT. LTD.,05AAACE0119K1Z3,02AABCD1335K1Z5,,Failed,"locator.waitFor: Timeout 20000ms exceeded.
Call log:
[2m  - waiting for locator('.ng-dropdown-panel').locator('.ng-option').filter({ hasText: 'DEV RESIN PVT. LTD.' }).first() to be visible[22m
"
2026-04-24T11:48:24.644Z,281,IN0525005187,Fri Feb 20 2026 05:30:00 GMT+0530 (India Standard Time),16,Registered,MANJUSHREE TECHNOPACK LIMITED,05AAACE0119K1Z3,05AAACM9418K1ZB,202604248239167,Filled,
2026-04-24T11:48:34.164Z,282,IN0525005188,Fri Feb 20 2026 05:30:00 GMT+0530 (India Standard Time),6,Registered,MANJUSHREE TECHNOPACK LIMITED,05AAACE0119K1Z3,05AAACM9418K1ZB,202604248239218,Filled,"×
Success
Sales Receipt Added"
2026-04-24T11:48:43.116Z,283,IN0525005189,Fri Feb 20 2026 05:30:00 GMT+0530 (India Standard Time),24,Registered,CREATIVE PLASTOPACK,05AAACE0119K1Z3,05ABMPA1788L1ZF,202604248239272,Filled,"×
Success
Sales Receipt Added"
2026-04-24T11:49:14.092Z,284,IN0525005166,Fri Feb 20 2026 05:30:00 GMT+0530 (India Standard Time),32,Registered,ALPLA INDIA PVT LTD,05AAACE0119K1Z3,26AAFCA3154M1ZL,,Failed,"locator.waitFor: Timeout 20000ms exceeded.
Call log:
[2m  - waiting for locator('.ng-dropdown-panel').locator('.ng-option').filter({ hasText: 'ALPLA INDIA PVT LTD' }).first() to be visible[22m
"
2026-04-24T11:50:20.644Z,285,IN0525005210,Sat Feb 21 2026 05:30:00 GMT+0530 (India Standard Time),30,Registered,MANJUSHREE TECHNOPACK LIMITED,05AAACE0119K1Z3,18AAACM9418K1Z4,202604248239842,Filled,"×
Success
Sales Receipt Added"
2026-04-24T11:50:51.674Z,286,IN0525005255,Mon Feb 23 2026 05:30:00 GMT+0530 (India Standard Time),5,Registered,SSF PLASTICS INDIA LTD,05AAACE0119K1Z3,26AAKCS4412K1Z7,,Failed,"locator.waitFor: Timeout 20000ms exceeded.
Call log:
[2m  - waiting for locator('.ng-dropdown-panel').locator('.ng-option').filter({ hasText: 'SSF PLASTICS INDIA LTD' }).first() to be visible[22m
"
2026-04-24T11:51:03.665Z,287,IN0525005254,Mon Feb 23 2026 05:30:00 GMT+0530 (India Standard Time),24,Registered,CREATIVE PROPLAST LIMITED,05AAACE0119K1Z3,26AAJCC1918R1Z5,202604248240083,Filled,"×
Success
Sales Receipt Added"
2026-04-24T11:51:35.246Z,288,IN0525005273,Tue Feb 24 2026 05:30:00 GMT+0530 (India Standard Time),10,Registered,VIMONI (INDIA) PVT. LTD.,05AAACE0119K1Z3,08AAACV3859K1ZV,,Failed,"locator.waitFor: Timeout 20000ms exceeded.
Call log:
[2m  - waiting for locator('.ng-dropdown-panel').locator('.ng-option').filter({ hasText: 'VIMONI (INDIA) PVT. LTD.' }).first() to be visible[22m
"
2026-04-24T11:51:45.404Z,289,IN0525005272,Tue Feb 24 2026 05:30:00 GMT+0530 (India Standard Time),1,Registered,ECO PLAST INDUSTRY,05AAACE0119K1Z3,06AAGFE1094A1ZY,202604248240315,Filled,
2026-04-24T11:51:54.381Z,290,IN0525005263,Tue Feb 24 2026 05:30:00 GMT+0530 (India Standard Time),30,Registered,MANJUSHREE TECHNOPACK LIMITED,05AAACE0119K1Z3,18AAACM9418K1Z4,202604248240371,Filled,"×
Success
Sales Receipt Added"
2026-04-24T11:52:04.156Z,291,IN0525005271,Tue Feb 24 2026 05:30:00 GMT+0530 (India Standard Time),19.8,Registered,Aegios Polyfilms Private Limited,05AAACE0119K1Z3,01AATCA8183A1ZT,202604248240424,Filled,"×
Success
Sales Receipt Added"
2026-04-24T11:52:13.591Z,292,IN0525005296,Wed Feb 25 2026 05:30:00 GMT+0530 (India Standard Time),10,Registered,AGI GREENPAC LIMITED,05AAACE0119K1Z3,05AAACH7564H2ZJ,202604248240484,Filled,"×
Success
Sales Receipt Added"
2026-04-24T11:52:22.994Z,293,IN0525005290,Wed Feb 25 2026 05:30:00 GMT+0530 (India Standard Time),18,Registered,MANJUSHREE TECHNOPACK LIMITED,05AAACE0119K1Z3,05AAACM9418K1ZB,202604248240535,Filled,"×
Success
Sales Receipt Added"
2026-04-24T11:52:32.150Z,294,IN0525005298,Wed Feb 25 2026 05:30:00 GMT+0530 (India Standard Time),7,Registered,MANJUSHREE TECHNOPACK LIMITED,05AAACE0119K1Z3,05AAACM9418K1ZB,202604248240566,Filled,"×
Success
Sales Receipt Added"
2026-04-24T11:52:41.692Z,295,IN0525005314,Thu Feb 26 2026 05:30:00 GMT+0530 (India Standard Time),18,Registered,MANJUSHREE TECHNOPACK LIMITED,05AAACE0119K1Z3,05AAACM9418K1ZB,202604248240620,Filled,"×
Success
Sales Receipt Added"
2026-04-24T11:52:50.556Z,296,IN0525005338,Fri Feb 27 2026 05:30:00 GMT+0530 (India Standard Time),7,Registered,MANJUSHREE TECHNOPACK LIMITED,05AAACE0119K1Z3,05AAACM9418K1ZB,202604248240674,Filled,"×
Success
Sales Receipt Added"
2026-04-24T11:53:00.036Z,297,IN0525005356,Sat Feb 28 2026 05:30:00 GMT+0530 (India Standard Time),10,Registered,MANJUSHREE TECHNOPACK LIMITED,05AAACE0119K1Z3,02AAACM9418K1ZH,202604248240729,Filled,"×
Success
Sales Receipt Added"
2026-04-24T11:53:09.257Z,298,IN0525005367,Sat Feb 28 2026 05:30:00 GMT+0530 (India Standard Time),24,Registered,CREATIVE PLASTOPACK,05AAACE0119K1Z3,05ABMPA1788L1ZF,202604248240773,Filled,"×
Success
Sales Receipt Added"
2026-04-24T11:53:18.304Z,299,IN0525005409,Fri Mar 06 2026 05:30:00 GMT+0530 (India Standard Time),15,Registered,MANJUSHREE TECHNOPACK LIMITED,05AAACE0119K1Z3,05AAACM9418K1ZB,202604248240826,Filled,"×
Success
Sales Receipt Added"
2026-04-24T11:53:27.193Z,300,IN0525005418,Sat Mar 07 2026 05:30:00 GMT+0530 (India Standard Time),30,Registered,MANJUSHREE TECHNOPACK LIMITED,05AAACE0119K1Z3,18AAACM9418K1Z4,202604248240870,Filled,"×
Success
Sales Receipt Added"
2026-04-24T11:53:35.999Z,301,IN0525005456,Tue Mar 10 2026 05:30:00 GMT+0530 (India Standard Time),18,Registered,MANJUSHREE TECHNOPACK LIMITED,05AAACE0119K1Z3,05AAACM9418K1ZB,202604248240922,Filled,"×
Success
Sales Receipt Added"
2026-04-24T11:54:07.475Z,302,IN0525005464,Wed Mar 11 2026 05:30:00 GMT+0530 (India Standard Time),18,Registered,DEV RESIN PVT. LTD.,05AAACE0119K1Z3,02AABCD1335K1Z5,,Failed,"locator.waitFor: Timeout 20000ms exceeded.
Call log:
[2m  - waiting for locator('.ng-dropdown-panel').locator('.ng-option').filter({ hasText: 'DEV RESIN PVT. LTD.' }).first() to be visible[22m
"
2026-04-24T11:54:33.014Z,303,IN0525005468,Wed Mar 11 2026 05:30:00 GMT+0530 (India Standard Time),10,Registered,MANJUSHREE TECHNOPACK LIMITED,05AAACE0119K1Z3,06AAACM9418K2Z8,202604248241225,Filled,"×
Success
Sales Receipt Added"
2026-04-24T11:54:42.525Z,304,IN0525005474,Wed Mar 11 2026 05:30:00 GMT+0530 (India Standard Time),10,Registered,PRAKASH PACKAGINGS,05AAACE0119K1Z3,23AADFP8628C1ZG,202604248241271,Filled,"×
Success
Sales Receipt Added"
2026-04-24T11:54:51.362Z,305,IN0525005466,Wed Mar 11 2026 05:30:00 GMT+0530 (India Standard Time),30,Registered,MANJUSHREE TECHNOPACK LIMITED,05AAACE0119K1Z3,02AAACM9418K1ZH,202604248241320,Filled,"×
Success
Sales Receipt Added"
2026-04-24T11:55:01.150Z,306,IN0525005481,Wed Mar 11 2026 05:30:00 GMT+0530 (India Standard Time),30,Registered,MANJUSHREE TECHNOPACK LIMITED,05AAACE0119K1Z3,05AAACM9418K1ZB,202604248241369,Filled,"×
Success
Sales Receipt Added"
2026-04-24T11:55:11.703Z,307,IN0525005505,Thu Mar 12 2026 05:30:00 GMT+0530 (India Standard Time),30,Registered,MANJUSHREE TECHNOPACK LIMITED,05AAACE0119K1Z3,18AAACM9418K1Z4,202604248241418,Filled,"×
Success
Sales Receipt Added"
2026-04-24T11:55:44.166Z,308,IN0525005493,Thu Mar 12 2026 05:30:00 GMT+0530 (India Standard Time),10,Registered,ALPLA INDIA PVT LTD,05AAACE0119K1Z3,26AAFCA3154M1ZL,,Failed,"locator.waitFor: Timeout 20000ms exceeded.
Call log:
[2m  - waiting for locator('.ng-dropdown-panel').locator('.ng-option').filter({ hasText: 'ALPLA INDIA PVT LTD' }).first() to be visible[22m
"
2026-04-24T11:55:57.581Z,309,IN0525005509,Fri Mar 13 2026 05:30:00 GMT+0530 (India Standard Time),0.1,Registered,PRANAV PLASTICS,05AAACE0119K1Z3,02AAAFP4102G2Z1,202604248241640,Filled,"×
Success
Sales Receipt Added"
2026-04-24T11:56:06.620Z,310,IN0525005570,Mon Mar 16 2026 05:30:00 GMT+0530 (India Standard Time),24,Registered,CREATIVE PLASTOPACK,05AAACE0119K1Z3,05ABMPA1788L1ZF,202604248241688,Filled,"×
Success
Sales Receipt Added"
2026-04-24T11:56:16.284Z,311,IN0525005599,Wed Mar 18 2026 05:30:00 GMT+0530 (India Standard Time),20,Registered,MANJUSHREE TECHNOPACK LIMITED,05AAACE0119K1Z3,29AAACM9418K1Z1,202604248241739,Filled,"×
Success
Sales Receipt Added"
2026-04-24T11:56:25.813Z,312,IN0525005637,Fri Mar 20 2026 05:30:00 GMT+0530 (India Standard Time),24,Registered,CREATIVE PLASTOPACK,05AAACE0119K1Z3,05ABMPA1788L1ZF,202604248241792,Filled,"×
Success
Sales Receipt Added"
2026-04-24T11:56:37.655Z,313,IN0525005656,Sat Mar 21 2026 05:30:00 GMT+0530 (India Standard Time),24,Registered,MANJUSHREE TECHNOPACK LIMITED,05AAACE0119K1Z3,05AAACM9418K1ZB,202604248241852,Filled,"×
Success
Sales Receipt Added"
2026-04-24T11:56:48.459Z,314,IN0525005696,Mon Mar 23 2026 05:30:00 GMT+0530 (India Standard Time),10,Registered,PRAKASH PACKAGINGS,05AAACE0119K1Z3,23AADFP8628C1ZG,202604248241904,Filled,"×
Success
Sales Receipt Added"
2026-04-24T11:57:20.210Z,315,IN0525005697,Mon Mar 23 2026 05:30:00 GMT+0530 (India Standard Time),18,Registered,CREATIVE PROPACK LIMITED (PUDUCHERR,05AAACE0119K1Z3,34AAACE6761H1ZP,,Failed,"locator.waitFor: Timeout 20000ms exceeded.
Call log:
[2m  - waiting for locator('.ng-dropdown-panel').locator('.ng-option').filter({ hasText: 'CREATIVE PROPACK LIMITED (PUDUCHERR' }).first() to be visible[22m
"
2026-04-24T11:57:30.896Z,316,IN0525005723,Wed Mar 25 2026 05:30:00 GMT+0530 (India Standard Time),15,Registered,MANJUSHREE TECHNOPACK LIMITED,05AAACE0119K1Z3,05AAACM9418K1ZB,202604248242013,Filled,
2026-04-24T11:57:39.711Z,317,IN0525005737,Fri Mar 27 2026 05:30:00 GMT+0530 (India Standard Time),18,Registered,CREATIVE PLASTOPACK,05AAACE0119K1Z3,05ABMPA1788L1ZF,202604248242029,Filled,"×
Success
Sales Receipt Added"
2026-04-24T11:57:48.991Z,318,IN0525005743,Sat Mar 28 2026 05:30:00 GMT+0530 (India Standard Time),15,Registered,PRAKASH PACKAGINGS,05AAACE0119K1Z3,23AADFP8628C1ZG,202604248242045,Filled,"×
Success
Sales Receipt Added"
2026-04-24T11:57:58.243Z,319,IN0525005758,Sun Mar 29 2026 05:30:00 GMT+0530 (India Standard Time),30,Registered,CREATIVE PLASTOPACK,05AAACE0119K1Z3,05ABMPA1788L1ZF,202604248242065,Filled,"×
Success
Sales Receipt Added"
2026-04-24T11:58:09.143Z,320,IN0525005802,Tue Mar 31 2026 05:30:00 GMT+0530 (India Standard Time),13,Registered,MANJUSHREE TECHNOPACK LIMITED,05AAACE0119K1Z3,05AAACM9418K1ZB,202604248242085,Filled,"×
Success
Sales Receipt Added"
