datetime,row,e_invoice_number,epr_invoice_number,status,message
2026-01-30T03:52:33.181Z,13,24008174,202601257111068,Failed,"×
Error
Unable to verify the GST e-invoice: HSN Code in the uploaded e-invoice document are not matching with the GST Network information."
2026-01-30T03:52:48.022Z,17,24008208,202601257111079,Failed,"×
Error
OpenCV(4.9.0) /io/opencv/modules/imgproc/src/color.cpp:196: error: (-215:Assertion failed) !_src.empty() in function 'cvtColor'"
2026-01-30T03:53:02.827Z,18,24008209,202601257111083,Failed,"×
Error
Unable to verify the GST e-invoice: HSN Code in the uploaded e-invoice document are not matching with the GST Network information."
2026-01-30T03:53:16.706Z,20,24008215,202601257111089,Failed,"×
Error
OpenCV(4.9.0) /io/opencv/modules/imgproc/src/color.cpp:196: error: (-215:Assertion failed) !_src.empty() in function 'cvtColor'"
2026-01-30T03:53:31.221Z,26,24008252,202601257111105,Failed,"×
Error
Unable to verify the GST e-invoice: HSN Code in the uploaded e-invoice document are not matching with the GST Network information."
2026-01-30T03:53:47.123Z,30,24008287,202601257111117,Failed,"×
Error
Unable to verify the GST e-invoice: HSN Code in the uploaded e-invoice document are not matching with the GST Network information."
2026-01-30T03:53:57.505Z,31,24008303,202601257111119,Failed,"locator.waitFor: Target page, context or browser has been closed
Call log:
[2m  - waiting for locator('#ScrollableSimpleTableBody tr').filter({ hasText: '202601257111119' }).first() to be visible[22m
"
2026-01-30T03:57:57.052Z,13,24008174,202601257111068,Failed,"×
Error
OpenCV(4.9.0) /io/opencv/modules/imgproc/src/color.cpp:196: error: (-215:Assertion failed) !_src.empty() in function 'cvtColor'
×
Error
Unable to verify the GST e-invoice: HSN Code in the uploaded e-invoice document are not matching with the GST Network information."
2026-01-30T03:58:06.996Z,17,24008208,202601257111079,Failed,"×
Error
Unable to verify the GST e-invoice: HSN Code in the uploaded e-invoice document are not matching with the GST Network information."
2026-01-30T03:58:15.973Z,18,24008209,202601257111083,Failed,"×
Error
Unable to verify the GST e-invoice: HSN Code in the uploaded e-invoice document are not matching with the GST Network information."
2026-01-30T03:58:24.591Z,20,24008215,202601257111089,Failed,"×
Error
Unable to verify the GST e-invoice: HSN Code in the uploaded e-invoice document are not matching with the GST Network information."
2026-01-30T03:58:32.968Z,26,24008252,202601257111105,Failed,"×
Error
Unable to verify the GST e-invoice: HSN Code in the uploaded e-invoice document are not matching with the GST Network information."
2026-01-30T03:58:41.295Z,30,24008287,202601257111117,Failed,"×
Error
Unable to verify the GST e-invoice: HSN Code in the uploaded e-invoice document are not matching with the GST Network information."
2026-01-30T03:58:50.151Z,31,24008303,202601257111119,Failed,"×
Error
Unable to verify the GST e-invoice: HSN Code in the uploaded e-invoice document are not matching with the GST Network information."
2026-01-30T03:58:59.412Z,39,24008357,202601257111151,Failed,"×
Error
Unable to verify the GST e-invoice: The QR code as required in the GST e-invoice is missing in the uploaded document."
2026-01-30T03:59:07.474Z,45,24008376,202601257111166,Failed,"×
Error
Unable to verify the GST e-invoice: HSN Code in the uploaded e-invoice document are not matching with the GST Network information."
2026-01-30T03:59:44.867Z,52,24008415,202601257111484,Success,"×
Success
The GST e-invoice was successfully validated with GST Network information and uploaded on the EPR Plastic Portal."
2026-01-30T04:00:21.930Z,54,24008420,202601257111487,Success,"×
Success
The GST e-invoice was successfully validated with GST Network information and uploaded on the EPR Plastic Portal."
2026-01-30T04:00:59.268Z,55,24008439,202601257111489,Success,"×
Success
The GST e-invoice was successfully validated with GST Network information and uploaded on the EPR Plastic Portal."
2026-01-30T04:01:07.316Z,56,24008443,202601257111490,Failed,"×
Error
Unable to verify the GST e-invoice: HSN Code in the uploaded e-invoice document are not matching with the GST Network information."
2026-01-30T04:01:43.823Z,57,24008444,202601257111491,Success,"×
Success
The GST e-invoice was successfully validated with GST Network information and uploaded on the EPR Plastic Portal."
2026-01-30T04:01:52.430Z,59,24008468,202601257111493,Failed,"×
Error
Unable to verify the GST e-invoice: HSN Code in the uploaded e-invoice document are not matching with the GST Network information."
2026-01-30T04:02:00.842Z,65,24008482,202601257111503,Failed,"×
Error
Unable to verify the GST e-invoice: Seller GST number , Buyer GST number , Invoice number , Date of sale entry , Total Amount Value , HSN Code in the uploaded e-invoice document are not matching with the GST Network information.
×
Error
Unable to verify the GST e-invoice: The QR code as required in the GST e-invoice is missing in the uploaded document."
2026-01-30T04:02:09.071Z,67,24008493,202601257111506,Failed,"×
Error
Unable to verify the GST e-invoice: HSN Code in the uploaded e-invoice document are not matching with the GST Network information."
2026-01-30T04:02:17.134Z,70,24008524,202601257111512,Failed,"×
Error
Unable to verify the GST e-invoice: The QR code as required in the GST e-invoice is missing in the uploaded document."
2026-01-30T04:02:53.967Z,73,24008565,202601257111517,Success,"×
Success
The GST e-invoice was successfully validated with GST Network information and uploaded on the EPR Plastic Portal."
2026-01-30T04:03:02.921Z,80,24008619,202601257111529,Failed,"×
Error
Unable to verify the GST e-invoice: The QR code as required in the GST e-invoice is missing in the uploaded document."
2026-01-30T04:03:40.353Z,82,24008622,202601257111537,Success,"×
Success
The GST e-invoice was successfully validated with GST Network information and uploaded on the EPR Plastic Portal."
2026-01-30T04:03:41.856Z,83,24008623,202601257111538,Failed,"page.waitForTimeout: Target page, context or browser has been closed"
2026-01-30T04:05:32.894Z,13,24008174,202601257111068,Failed,"×
Error
Unable to verify the GST e-invoice: HSN Code in the uploaded e-invoice document are not matching with the GST Network information."
2026-01-30T04:05:42.361Z,17,24008208,202601257111079,Failed,"×
Error
Unable to verify the GST e-invoice: HSN Code in the uploaded e-invoice document are not matching with the GST Network information."
2026-01-30T04:05:51.571Z,18,24008209,202601257111083,Failed,"×
Error
Unable to verify the GST e-invoice: HSN Code in the uploaded e-invoice document are not matching with the GST Network information."
2026-01-30T04:05:59.703Z,20,24008215,202601257111089,Failed,"×
Error
Unable to verify the GST e-invoice: HSN Code in the uploaded e-invoice document are not matching with the GST Network information."
2026-01-30T04:06:08.855Z,26,24008252,202601257111105,Failed,"×
Error
Unable to verify the GST e-invoice: HSN Code in the uploaded e-invoice document are not matching with the GST Network information."
2026-01-30T04:06:18.538Z,30,24008287,202601257111117,Failed,"×
Error
Unable to verify the GST e-invoice: HSN Code in the uploaded e-invoice document are not matching with the GST Network information."
2026-01-30T04:06:28.348Z,31,24008303,202601257111119,Failed,"×
Error
Unable to verify the GST e-invoice: HSN Code in the uploaded e-invoice document are not matching with the GST Network information."
2026-01-30T04:06:37.601Z,39,24008357,202601257111151,Failed,"×
Error
Unable to verify the GST e-invoice: The QR code as required in the GST e-invoice is missing in the uploaded document."
2026-01-30T04:06:46.245Z,45,24008376,202601257111166,Failed,"×
Error
Unable to verify the GST e-invoice: HSN Code in the uploaded e-invoice document are not matching with the GST Network information."
2026-01-30T04:06:49.395Z,52,24008415,202601257111484,Success,Already uploaded (green status).
2026-01-30T04:06:52.695Z,54,24008420,202601257111487,Success,Already uploaded (green status).
2026-01-30T04:06:56.337Z,55,24008439,202601257111489,Success,Already uploaded (green status).
2026-01-30T04:07:05.881Z,56,24008443,202601257111490,Failed,"×
Error
Unable to verify the GST e-invoice: HSN Code in the uploaded e-invoice document are not matching with the GST Network information."
2026-01-30T04:07:09.572Z,57,24008444,202601257111491,Success,Already uploaded (green status).
2026-01-30T04:07:18.269Z,59,24008468,202601257111493,Failed,"×
Error
Unable to verify the GST e-invoice: HSN Code in the uploaded e-invoice document are not matching with the GST Network information."
2026-01-30T04:07:27.285Z,65,24008482,202601257111503,Failed,"×
Error
Unable to verify the GST e-invoice: The QR code as required in the GST e-invoice is missing in the uploaded document."
2026-01-30T04:07:36.548Z,67,24008493,202601257111506,Failed,"×
Error
Unable to verify the GST e-invoice: HSN Code in the uploaded e-invoice document are not matching with the GST Network information."
2026-01-30T04:07:45.759Z,70,24008524,202601257111512,Failed,"×
Error
Unable to verify the GST e-invoice: The QR code as required in the GST e-invoice is missing in the uploaded document."
2026-01-30T04:07:49.017Z,73,24008565,202601257111517,Success,Already uploaded (green status).
2026-01-30T04:07:57.507Z,80,24008619,202601257111529,Failed,"×
Error
Unable to verify the GST e-invoice: The QR code as required in the GST e-invoice is missing in the uploaded document."
2026-01-30T04:08:01.163Z,82,24008622,202601257111537,Success,Already uploaded (green status).
2026-01-30T04:08:40.038Z,83,24008623,202601257111538,Success,"×
Success
The GST e-invoice was successfully validated with GST Network information and uploaded on the EPR Plastic Portal."
2026-01-30T04:08:48.937Z,84,24008625,202601257111541,Failed,"×
Error
Unable to verify the GST e-invoice: HSN Code in the uploaded e-invoice document are not matching with the GST Network information."
2026-01-30T04:08:59.060Z,86,24008628,202601257111545,Failed,"×
Error
Unable to verify the GST e-invoice: HSN Code in the uploaded e-invoice document are not matching with the GST Network information."
2026-01-30T04:09:39.069Z,88,24008632,202601257111548,Success,"×
Success
The GST e-invoice was successfully validated with GST Network information and uploaded on the EPR Plastic Portal."
2026-01-30T04:10:17.582Z,89,24008652,202601257111550,Success,"×
Success
The GST e-invoice was successfully validated with GST Network information and uploaded on the EPR Plastic Portal."
2026-01-30T04:10:57.986Z,90,24008653,202601257111551,Success,"×
Success
The GST e-invoice was successfully validated with GST Network information and uploaded on the EPR Plastic Portal."
2026-01-30T04:11:13.667Z,93,24008672,202601257111556,Failed,"×
Error
Unable to verify the GST e-invoice: HSN Code in the uploaded e-invoice document are not matching with the GST Network information."
2026-01-30T04:11:51.584Z,94,24008675,202601257111558,Success,"×
Success
The GST e-invoice was successfully validated with GST Network information and uploaded on the EPR Plastic Portal."
2026-01-30T04:12:29.969Z,95,24008679,202601257111559,Success,"×
Success
The GST e-invoice was successfully validated with GST Network information and uploaded on the EPR Plastic Portal."
2026-01-30T04:12:39.052Z,96,24008680,202601257111560,Failed,"×
Error
Unable to verify the GST e-invoice: HSN Code in the uploaded e-invoice document are not matching with the GST Network information."
2026-01-30T04:13:17.093Z,97,24008684,202601257111563,Success,"×
Success
The GST e-invoice was successfully validated with GST Network information and uploaded on the EPR Plastic Portal."
2026-01-30T04:13:41.634Z,99,24008688,202601257111566,Success,"×
Success
The GST e-invoice was successfully validated with GST Network information and uploaded on the EPR Plastic Portal."
2026-01-30T04:14:09.463Z,13,24008174,202601257111068,Failed,"×
Error
OpenCV(4.9.0) /io/opencv/modules/imgproc/src/color.cpp:196: error: (-215:Assertion failed) !_src.empty() in function 'cvtColor'
×
Error
Unable to verify the GST e-invoice: HSN Code in the uploaded e-invoice document are not matching with the GST Network information."
2026-01-30T04:14:18.084Z,17,24008208,202601257111079,Failed,"×
Error
OpenCV(4.9.0) /io/opencv/modules/imgproc/src/color.cpp:196: error: (-215:Assertion failed) !_src.empty() in function 'cvtColor'
×
Error
Unable to verify the GST e-invoice: HSN Code in the uploaded e-invoice document are not matching with the GST Network information."
2026-01-30T04:14:26.987Z,18,24008209,202601257111083,Failed,"×
Error
Unable to verify the GST e-invoice: HSN Code in the uploaded e-invoice document are not matching with the GST Network information."
2026-01-30T04:14:36.119Z,20,24008215,202601257111089,Failed,"×
Error
Unable to verify the GST e-invoice: HSN Code in the uploaded e-invoice document are not matching with the GST Network information."
2026-01-30T04:14:45.634Z,26,24008252,202601257111105,Failed,"×
Error
Unable to verify the GST e-invoice: HSN Code in the uploaded e-invoice document are not matching with the GST Network information."
2026-01-30T04:14:54.566Z,30,24008287,202601257111117,Failed,"×
Error
Unable to verify the GST e-invoice: HSN Code in the uploaded e-invoice document are not matching with the GST Network information."
2026-01-30T04:15:02.916Z,31,24008303,202601257111119,Failed,"×
Error
Unable to verify the GST e-invoice: HSN Code in the uploaded e-invoice document are not matching with the GST Network information."
2026-01-30T04:15:11.335Z,39,24008357,202601257111151,Failed,"×
Error
Unable to verify the GST e-invoice: The QR code as required in the GST e-invoice is missing in the uploaded document."
2026-01-30T04:15:19.799Z,45,24008376,202601257111166,Failed,"×
Error
Unable to verify the GST e-invoice: HSN Code in the uploaded e-invoice document are not matching with the GST Network information."
2026-01-30T04:15:23.210Z,52,24008415,202601257111484,Success,Already uploaded (green status).
2026-01-30T04:15:26.618Z,54,24008420,202601257111487,Success,Already uploaded (green status).
2026-01-30T04:15:29.801Z,55,24008439,202601257111489,Success,Already uploaded (green status).
2026-01-30T04:15:38.667Z,56,24008443,202601257111490,Failed,"×
Error
Unable to verify the GST e-invoice: HSN Code in the uploaded e-invoice document are not matching with the GST Network information."
2026-01-30T04:15:41.953Z,57,24008444,202601257111491,Success,Already uploaded (green status).
2026-01-30T04:15:50.290Z,59,24008468,202601257111493,Failed,"×
Error
Unable to verify the GST e-invoice: HSN Code in the uploaded e-invoice document are not matching with the GST Network information."
2026-01-30T04:15:58.763Z,65,24008482,202601257111503,Failed,"×
Error
Unable to verify the GST e-invoice: The QR code as required in the GST e-invoice is missing in the uploaded document."
2026-01-30T04:16:07.115Z,67,24008493,202601257111506,Failed,"×
Error
Unable to verify the GST e-invoice: HSN Code in the uploaded e-invoice document are not matching with the GST Network information."
2026-01-30T04:16:15.693Z,70,24008524,202601257111512,Failed,"×
Error
Unable to verify the GST e-invoice: The QR code as required in the GST e-invoice is missing in the uploaded document."
2026-01-30T04:16:18.862Z,73,24008565,202601257111517,Success,Already uploaded (green status).
2026-01-30T04:16:27.230Z,80,24008619,202601257111529,Failed,"×
Error
Unable to verify the GST e-invoice: The QR code as required in the GST e-invoice is missing in the uploaded document.
×
Error
OpenCV(4.9.0) /io/opencv/modules/imgproc/src/color.cpp:196: error: (-215:Assertion failed) !_src.empty() in function 'cvtColor'"
2026-01-30T04:16:30.334Z,82,24008622,202601257111537,Success,Already uploaded (green status).
2026-01-30T04:16:33.951Z,83,24008623,202601257111538,Success,Already uploaded (green status).
2026-01-30T04:16:42.850Z,84,24008625,202601257111541,Failed,"×
Error
Unable to verify the GST e-invoice: HSN Code in the uploaded e-invoice document are not matching with the GST Network information."
2026-01-30T04:16:50.661Z,86,24008628,202601257111545,Failed,"×
Error
Unable to verify the GST e-invoice: HSN Code in the uploaded e-invoice document are not matching with the GST Network information."
2026-01-30T04:16:53.781Z,88,24008632,202601257111548,Success,Already uploaded (green status).
2026-01-30T04:16:56.939Z,89,24008652,202601257111550,Success,Already uploaded (green status).
2026-01-30T04:17:00.691Z,90,24008653,202601257111551,Success,Already uploaded (green status).
2026-01-30T04:17:15.278Z,93,24008672,202601257111556,Failed,"×
Error
Unable to verify the GST e-invoice: HSN Code in the uploaded e-invoice document are not matching with the GST Network information."
2026-01-30T04:17:18.454Z,94,24008675,202601257111558,Success,Already uploaded (green status).
2026-01-30T04:17:21.919Z,95,24008679,202601257111559,Success,Already uploaded (green status).
2026-01-30T04:17:29.748Z,96,24008680,202601257111560,Failed,"×
Error
Unable to verify the GST e-invoice: HSN Code in the uploaded e-invoice document are not matching with the GST Network information."
2026-01-30T04:17:32.890Z,97,24008684,202601257111563,Success,Already uploaded (green status).
2026-01-30T04:17:36.032Z,99,24008688,202601257111566,Success,Already uploaded (green status).
2026-01-30T04:17:44.304Z,100,24008690,202601257111570,Failed,"×
Error
Unable to verify the GST e-invoice: HSN Code in the uploaded e-invoice document are not matching with the GST Network information."
2026-01-30T04:18:21.157Z,102,24008701,202601257111575,Success,"×
Success
The GST e-invoice was successfully validated with GST Network information and uploaded on the EPR Plastic Portal."
2026-01-30T04:18:57.526Z,103,24008706,202601257111578,Success,"×
Success
The GST e-invoice was successfully validated with GST Network information and uploaded on the EPR Plastic Portal."
2026-01-30T04:19:34.548Z,106,24008713,202601257111583,Success,"×
Success
The GST e-invoice was successfully validated with GST Network information and uploaded on the EPR Plastic Portal."
2026-01-30T04:19:42.953Z,107,24008714,202601257111584,Failed,"×
Error
Unable to verify the GST e-invoice: HSN Code in the uploaded e-invoice document are not matching with the GST Network information."
2026-01-30T04:20:19.919Z,108,24008715,202601257111586,Success,"×
Success
The GST e-invoice was successfully validated with GST Network information and uploaded on the EPR Plastic Portal."
2026-01-30T04:20:58.417Z,113,24008762,202601257111595,Success,"×
Success
The GST e-invoice was successfully validated with GST Network information and uploaded on the EPR Plastic Portal."
2026-01-30T04:21:35.390Z,114,24008764,202601257111596,Success,"×
Success
The GST e-invoice was successfully validated with GST Network information and uploaded on the EPR Plastic Portal."
2026-01-30T04:22:12.328Z,117,24008798,202601257111601,Success,"×
Success
The GST e-invoice was successfully validated with GST Network information and uploaded on the EPR Plastic Portal."
2026-01-30T04:22:49.636Z,119,24008826,202601257111604,Success,"×
Success
The GST e-invoice was successfully validated with GST Network information and uploaded on the EPR Plastic Portal."
2026-01-30T04:23:06.300Z,120,24008827,202601257111605,Success,"×
Success
The GST e-invoice was successfully validated with GST Network information and uploaded on the EPR Plastic Portal."
2026-01-30T04:23:31.809Z,13,24008174,202601257111068,Failed,"×
Error
Unable to verify the GST e-invoice: HSN Code in the uploaded e-invoice document are not matching with the GST Network information."
2026-01-30T04:23:39.431Z,17,24008208,202601257111079,Failed,"×
Error
Unable to verify the GST e-invoice: HSN Code in the uploaded e-invoice document are not matching with the GST Network information."
2026-01-30T04:23:47.250Z,18,24008209,202601257111083,Failed,"×
Error
Unable to verify the GST e-invoice: HSN Code in the uploaded e-invoice document are not matching with the GST Network information."
2026-01-30T04:23:54.589Z,20,24008215,202601257111089,Failed,"×
Error
Unable to verify the GST e-invoice: HSN Code in the uploaded e-invoice document are not matching with the GST Network information."
2026-01-30T04:24:04.054Z,26,24008252,202601257111105,Failed,"×
Error
Unable to verify the GST e-invoice: HSN Code in the uploaded e-invoice document are not matching with the GST Network information."
2026-01-30T04:24:15.978Z,30,24008287,202601257111117,Failed,"×
Error
Unable to verify the GST e-invoice: HSN Code in the uploaded e-invoice document are not matching with the GST Network information."
2026-01-30T04:24:26.477Z,31,24008303,202601257111119,Failed,"×
Error
Unable to verify the GST e-invoice: HSN Code in the uploaded e-invoice document are not matching with the GST Network information."
2026-01-30T04:24:33.534Z,39,24008357,202601257111151,Failed,"×
Error
OpenCV(4.9.0) /io/opencv/modules/imgproc/src/color.cpp:196: error: (-215:Assertion failed) !_src.empty() in function 'cvtColor'"
2026-01-30T04:24:40.908Z,45,24008376,202601257111166,Failed,"×
Error
Unable to verify the GST e-invoice: HSN Code in the uploaded e-invoice document are not matching with the GST Network information."
2026-01-30T04:24:44.060Z,52,24008415,202601257111484,Success,Already uploaded (green status).
2026-01-30T04:24:47.367Z,54,24008420,202601257111487,Success,Already uploaded (green status).
2026-01-30T04:24:51.080Z,55,24008439,202601257111489,Success,Already uploaded (green status).
2026-01-30T04:24:58.619Z,56,24008443,202601257111490,Failed,"×
Error
Unable to verify the GST e-invoice: HSN Code in the uploaded e-invoice document are not matching with the GST Network information."
2026-01-30T04:25:04.836Z,57,24008444,202601257111491,Success,Already uploaded (green status).
2026-01-30T04:25:15.565Z,59,24008468,202601257111493,Failed,"×
Error
Unable to verify the GST e-invoice: HSN Code in the uploaded e-invoice document are not matching with the GST Network information."
2026-01-30T04:25:24.457Z,65,24008482,202601257111503,Failed,"×
Error
Unable to verify the GST e-invoice: The QR code as required in the GST e-invoice is missing in the uploaded document."
2026-01-30T04:25:31.682Z,67,24008493,202601257111506,Failed,"×
Error
Unable to verify the GST e-invoice: HSN Code in the uploaded e-invoice document are not matching with the GST Network information."
2026-01-30T04:25:41.155Z,70,24008524,202601257111512,Failed,"×
Error
Unable to verify the GST e-invoice: The QR code as required in the GST e-invoice is missing in the uploaded document."
2026-01-30T04:25:43.845Z,73,24008565,202601257111517,Success,Already uploaded (green status).
2026-01-30T04:25:52.578Z,80,24008619,202601257111529,Failed,"×
Error
Unable to verify the GST e-invoice: The QR code as required in the GST e-invoice is missing in the uploaded document."
2026-01-30T04:25:55.528Z,82,24008622,202601257111537,Success,Already uploaded (green status).
2026-01-30T04:25:58.181Z,83,24008623,202601257111538,Success,Already uploaded (green status).
2026-01-30T04:26:05.172Z,84,24008625,202601257111541,Failed,"×
Error
Unable to verify the GST e-invoice: HSN Code in the uploaded e-invoice document are not matching with the GST Network information."
2026-01-30T04:26:12.708Z,86,24008628,202601257111545,Failed,"×
Error
Unable to verify the GST e-invoice: HSN Code in the uploaded e-invoice document are not matching with the GST Network information."
2026-01-30T04:26:15.426Z,88,24008632,202601257111548,Success,Already uploaded (green status).
2026-01-30T04:26:18.614Z,89,24008652,202601257111550,Success,Already uploaded (green status).
2026-01-30T04:26:21.868Z,90,24008653,202601257111551,Success,Already uploaded (green status).
2026-01-30T04:26:35.336Z,93,24008672,202601257111556,Failed,"×
Error
Unable to verify the GST e-invoice: HSN Code in the uploaded e-invoice document are not matching with the GST Network information."
2026-01-30T04:26:42.732Z,94,24008675,202601257111558,Success,Already uploaded (green status).
2026-01-30T04:26:49.727Z,95,24008679,202601257111559,Success,Already uploaded (green status).
2026-01-30T04:26:57.005Z,96,24008680,202601257111560,Failed,"×
Error
Unable to verify the GST e-invoice: HSN Code in the uploaded e-invoice document are not matching with the GST Network information."
2026-01-30T04:27:00.187Z,97,24008684,202601257111563,Success,Already uploaded (green status).
2026-01-30T04:27:04.060Z,99,24008688,202601257111566,Success,Already uploaded (green status).
2026-01-30T04:27:11.988Z,100,24008690,202601257111570,Failed,"×
Error
Unable to verify the GST e-invoice: HSN Code in the uploaded e-invoice document are not matching with the GST Network information."
2026-01-30T04:27:15.213Z,102,24008701,202601257111575,Success,Already uploaded (green status).
2026-01-30T04:27:18.335Z,103,24008706,202601257111578,Success,Already uploaded (green status).
2026-01-30T04:27:22.061Z,106,24008713,202601257111583,Success,Already uploaded (green status).
2026-01-30T04:27:29.185Z,107,24008714,202601257111584,Failed,"×
Error
Unable to verify the GST e-invoice: HSN Code in the uploaded e-invoice document are not matching with the GST Network information."
2026-01-30T04:27:32.445Z,108,24008715,202601257111586,Success,Already uploaded (green status).
2026-01-30T04:27:36.302Z,113,24008762,202601257111595,Success,Already uploaded (green status).
2026-01-30T04:27:41.616Z,114,24008764,202601257111596,Success,Already uploaded (green status).
2026-01-30T04:27:47.340Z,117,24008798,202601257111601,Success,Already uploaded (green status).
2026-01-30T04:27:51.432Z,119,24008826,202601257111604,Success,Already uploaded (green status).
2026-01-30T04:27:54.042Z,120,24008827,202601257111605,Success,Already uploaded (green status).
2026-01-30T04:28:30.692Z,122,24008847,202601257111609,Failed,"locator.click: Timeout 30000ms exceeded.
Call log:
[2m  - waiting for locator('.modal-dialog:has-text(""Upload Invoice"")').first().locator('button.btn.btn-primary').filter({ hasText: 'Upload' }).first()[22m
[2m    - locator resolved to <button disabled _ngcontent-ng-c3768047143="""" class=""btn btn-primary float-end m-3"">Upload</button>[22m
[2m  - attempting click action[22m
[2m    - waiting for element to be visible, enabled and stable[22m
[2m    - element is not stable[22m
[2m  - retrying click action[22m
[2m    - waiting for element to be visible, enabled and stable[22m
[2m    - element is not visible[22m
[2m  - retrying click action[22m
[2m    - waiting 20ms[22m
[2m    2 × waiting for element to be visible, enabled and stable[22m
[2m      - element is not visible[22m
[2m    - retrying click action[22m
[2m      - waiting 100ms[22m
[2m    57 × waiting for element to be visible, enabled and stable[22m
[2m       - element is not visible[22m
[2m     - retrying click action[22m
[2m       - waiting 500ms[22m
"
2026-01-30T04:28:34.588Z,123,24008856,202601257111611,Failed,"locator.click: Target page, context or browser has been closed
Call log:
[2m  - waiting for locator('.modal-dialog:has-text(""Upload Invoice"")').first().locator('button.btn.btn-primary').filter({ hasText: 'Upload' }).first()[22m
[2m    - locator resolved to <button _ngcontent-ng-c3768047143="""" class=""btn btn-primary float-end m-3"">Upload</button>[22m
[2m  - attempting click action[22m
[2m    - waiting for element to be visible, enabled and stable[22m
[2m    - element is visible, enabled and stable[22m
[2m    - scrolling into view if needed[22m
[2m    - done scrolling[22m
"
2026-01-30T04:35:12.925Z,13,24008174,202601257111068,Failed,"×
Error
Unable to verify the GST e-invoice: HSN Code in the uploaded e-invoice document are not matching with the GST Network information."
2026-01-30T04:35:20.799Z,17,24008208,202601257111079,Failed,"×
Error
Unable to verify the GST e-invoice: HSN Code in the uploaded e-invoice document are not matching with the GST Network information."
2026-01-30T04:35:28.203Z,18,24008209,202601257111083,Failed,"×
Error
Unable to verify the GST e-invoice: HSN Code in the uploaded e-invoice document are not matching with the GST Network information."
2026-01-30T04:35:35.474Z,20,24008215,202601257111089,Failed,"×
Error
Unable to verify the GST e-invoice: HSN Code in the uploaded e-invoice document are not matching with the GST Network information."
2026-01-30T04:35:46.801Z,26,24008252,202601257111105,Failed,"×
Error
Unable to verify the GST e-invoice: HSN Code in the uploaded e-invoice document are not matching with the GST Network information."
2026-01-30T04:35:56.411Z,30,24008287,202601257111117,Failed,"×
Error
Unable to verify the GST e-invoice: HSN Code in the uploaded e-invoice document are not matching with the GST Network information."
2026-01-30T04:36:06.986Z,31,24008303,202601257111119,Failed,"×
Error
Unable to verify the GST e-invoice: HSN Code in the uploaded e-invoice document are not matching with the GST Network information."
2026-01-30T04:36:14.960Z,39,24008357,202601257111151,Failed,"×
Error
Unable to verify the GST e-invoice: The QR code as required in the GST e-invoice is missing in the uploaded document."
2026-01-30T04:36:22.348Z,45,24008376,202601257111166,Failed,"×
Error
Unable to verify the GST e-invoice: HSN Code in the uploaded e-invoice document are not matching with the GST Network information."
2026-01-30T04:36:25.544Z,52,24008415,202601257111484,Success,Already uploaded (green status).
2026-01-30T04:36:29.308Z,54,24008420,202601257111487,Success,Already uploaded (green status).
2026-01-30T04:36:32.990Z,55,24008439,202601257111489,Success,Already uploaded (green status).
2026-01-30T04:36:41.862Z,56,24008443,202601257111490,Failed,"×
Error
Unable to verify the GST e-invoice: HSN Code in the uploaded e-invoice document are not matching with the GST Network information."
2026-01-30T04:36:45.573Z,57,24008444,202601257111491,Success,Already uploaded (green status).
2026-01-30T04:36:52.737Z,59,24008468,202601257111493,Failed,"×
Error
Unable to verify the GST e-invoice: HSN Code in the uploaded e-invoice document are not matching with the GST Network information."
2026-01-30T04:37:05.494Z,65,24008482,202601257111503,Failed,"×
Error
Unable to verify the GST e-invoice: The QR code as required in the GST e-invoice is missing in the uploaded document."
2026-01-30T04:37:17.638Z,67,24008493,202601257111506,Failed,"×
Error
Unable to verify the GST e-invoice: HSN Code in the uploaded e-invoice document are not matching with the GST Network information."
2026-01-30T04:37:27.042Z,70,24008524,202601257111512,Failed,"×
Error
Unable to verify the GST e-invoice: The QR code as required in the GST e-invoice is missing in the uploaded document."
2026-01-30T04:37:30.326Z,73,24008565,202601257111517,Success,Already uploaded (green status).
2026-01-30T04:37:39.086Z,80,24008619,202601257111529,Failed,"×
Error
Unable to verify the GST e-invoice: The QR code as required in the GST e-invoice is missing in the uploaded document."
2026-01-30T04:37:42.506Z,82,24008622,202601257111537,Success,Already uploaded (green status).
2026-01-30T04:37:45.783Z,83,24008623,202601257111538,Success,Already uploaded (green status).
2026-01-30T04:37:53.785Z,84,24008625,202601257111541,Failed,"×
Error
Unable to verify the GST e-invoice: HSN Code in the uploaded e-invoice document are not matching with the GST Network information."
2026-01-30T04:38:01.664Z,86,24008628,202601257111545,Failed,"×
Error
Unable to verify the GST e-invoice: HSN Code in the uploaded e-invoice document are not matching with the GST Network information."
2026-01-30T04:38:04.820Z,88,24008632,202601257111548,Success,Already uploaded (green status).
2026-01-30T04:38:08.283Z,89,24008652,202601257111550,Success,Already uploaded (green status).
2026-01-30T04:38:11.957Z,90,24008653,202601257111551,Success,Already uploaded (green status).
2026-01-30T04:38:23.440Z,93,24008672,202601257111556,Failed,"×
Error
Unable to verify the GST e-invoice: HSN Code in the uploaded e-invoice document are not matching with the GST Network information."
2026-01-30T04:38:31.026Z,94,24008675,202601257111558,Success,Already uploaded (green status).
2026-01-30T04:38:38.450Z,95,24008679,202601257111559,Success,Already uploaded (green status).
2026-01-30T04:38:48.789Z,96,24008680,202601257111560,Failed,"×
Error
Unable to verify the GST e-invoice: HSN Code in the uploaded e-invoice document are not matching with the GST Network information."
2026-01-30T04:38:52.080Z,97,24008684,202601257111563,Success,Already uploaded (green status).
2026-01-30T04:38:55.267Z,99,24008688,202601257111566,Success,Already uploaded (green status).
2026-01-30T04:39:02.198Z,100,24008690,202601257111570,Failed,"×
Error
Unable to verify the GST e-invoice: HSN Code in the uploaded e-invoice document are not matching with the GST Network information."
2026-01-30T04:39:05.290Z,102,24008701,202601257111575,Success,Already uploaded (green status).
2026-01-30T04:39:07.907Z,103,24008706,202601257111578,Success,Already uploaded (green status).
2026-01-30T04:39:11.046Z,106,24008713,202601257111583,Success,Already uploaded (green status).
2026-01-30T04:39:18.657Z,107,24008714,202601257111584,Failed,"×
Error
Unable to verify the GST e-invoice: HSN Code in the uploaded e-invoice document are not matching with the GST Network information."
2026-01-30T04:39:21.833Z,108,24008715,202601257111586,Success,Already uploaded (green status).
2026-01-30T04:39:25.129Z,113,24008762,202601257111595,Success,Already uploaded (green status).
2026-01-30T04:39:28.359Z,114,24008764,202601257111596,Success,Already uploaded (green status).
2026-01-30T04:39:31.727Z,117,24008798,202601257111601,Success,Already uploaded (green status).
2026-01-30T04:39:35.066Z,119,24008826,202601257111604,Success,Already uploaded (green status).
2026-01-30T04:39:38.330Z,120,24008827,202601257111605,Success,Already uploaded (green status).
2026-01-30T04:39:45.685Z,122,24008847,202601257111609,Success,Already uploaded (green status).
2026-01-30T04:40:26.359Z,123,24008856,202601257111611,Failed,"locator.click: Timeout 30000ms exceeded.
Call log:
[2m  - waiting for locator('.modal-dialog:has-text(""Upload Invoice"")').first().locator('button.btn.btn-primary').filter({ hasText: 'Upload' }).first()[22m
[2m    - locator resolved to <button _ngcontent-ng-c3768047143="""" class=""btn btn-primary float-end m-3"">Upload</button>[22m
[2m  - attempting click action[22m
[2m    2 × waiting for element to be visible, enabled and stable[22m
[2m      - element is visible, enabled and stable[22m
[2m      - scrolling into view if needed[22m
[2m      - done scrolling[22m
[2m      - <div class="""" id=""loader-wrapper"" _ngcontent-ng-c1953110627="""">…</div> from <kl-serviceloader _nghost-ng-c1953110627="""" _ngcontent-ng-c353636183="""">…</kl-serviceloader> subtree intercepts pointer events[22m
[2m    - retrying click action[22m
[2m    - waiting 20ms[22m
[2m    2 × waiting for element to be visible, enabled and stable[22m
[2m      - element is visible, enabled and stable[22m
[2m      - scrolling into view if needed[22m
[2m      - done scrolling[22m
[2m      - <div class="""" id=""loader-wrapper"" _ngcontent-ng-c1953110627="""">…</div> from <kl-serviceloader _nghost-ng-c1953110627="""" _ngcontent-ng-c353636183="""">…</kl-serviceloader> subtree intercepts pointer events[22m
[2m    - retrying click action[22m
[2m      - waiting 100ms[22m
[2m    2 × waiting for element to be visible, enabled and stable[22m
[2m      - element is visible, enabled and stable[22m
[2m      - scrolling into view if needed[22m
[2m      - done scrolling[22m
[2m      - <div class="""" id=""loader-wrapper"" _ngcontent-ng-c1953110627="""">…</div> from <kl-serviceloader _nghost-ng-c1953110627="""" _ngcontent-ng-c353636183="""">…</kl-serviceloader> subtree intercepts pointer events[22m
[2m    - retrying click action[22m
[2m      - waiting 500ms[22m
[2m    55 × waiting for element to be visible, enabled and stable[22m
[2m       - element is not visible[22m
[2m     - retrying click action[22m
[2m       - waiting 500ms[22m
"
2026-01-30T04:41:33.100Z,126,24008876,202601257111616,Failed,"locator.click: Timeout 30000ms exceeded.
Call log:
[2m  - waiting for locator('.modal-dialog:has-text(""Upload Invoice"")').first().locator('button.btn.btn-primary').filter({ hasText: 'Upload' }).first()[22m
[2m    - locator resolved to <button disabled _ngcontent-ng-c3768047143="""" class=""btn btn-primary float-end m-3"">Upload</button>[22m
[2m  - attempting click action[22m
[2m    2 × waiting for element to be visible, enabled and stable[22m
[2m      - element is not visible[22m
[2m    - retrying click action[22m
[2m    - waiting 20ms[22m
[2m    2 × waiting for element to be visible, enabled and stable[22m
[2m      - element is not visible[22m
[2m    - retrying click action[22m
[2m      - waiting 100ms[22m
[2m    57 × waiting for element to be visible, enabled and stable[22m
[2m       - element is not visible[22m
[2m     - retrying click action[22m
[2m       - waiting 500ms[22m
"
2026-01-30T04:42:09.923Z,130,24008906,202601257111623,Success,"×
Success
The GST e-invoice was successfully validated with GST Network information and uploaded on the EPR Plastic Portal."
2026-01-30T04:42:46.718Z,131,24008907,202601257111625,Success,"×
Success
The GST e-invoice was successfully validated with GST Network information and uploaded on the EPR Plastic Portal."
2026-01-30T04:43:22.744Z,133,24008942,202601257111630,Success,"×
Success
The GST e-invoice was successfully validated with GST Network information and uploaded on the EPR Plastic Portal."
2026-01-30T04:43:43.923Z,13,24008174,202601257111068,Failed,"×
Error
Unable to verify the GST e-invoice: HSN Code in the uploaded e-invoice document are not matching with the GST Network information."
2026-01-30T04:43:51.269Z,17,24008208,202601257111079,Failed,"×
Error
Unable to verify the GST e-invoice: HSN Code in the uploaded e-invoice document are not matching with the GST Network information."
2026-01-30T04:44:03.017Z,18,24008209,202601257111083,Failed,"×
Error
Unable to verify the GST e-invoice: HSN Code in the uploaded e-invoice document are not matching with the GST Network information."
2026-01-30T04:44:15.463Z,20,24008215,202601257111089,Failed,"×
Error
Unable to verify the GST e-invoice: HSN Code in the uploaded e-invoice document are not matching with the GST Network information."
2026-01-30T04:44:22.684Z,26,24008252,202601257111105,Failed,"×
Error
Unable to verify the GST e-invoice: HSN Code in the uploaded e-invoice document are not matching with the GST Network information."
2026-01-30T04:44:29.527Z,30,24008287,202601257111117,Failed,"×
Error
Unable to verify the GST e-invoice: HSN Code in the uploaded e-invoice document are not matching with the GST Network information."
2026-01-30T04:44:36.590Z,31,24008303,202601257111119,Failed,"×
Error
Unable to verify the GST e-invoice: HSN Code in the uploaded e-invoice document are not matching with the GST Network information."
2026-01-30T04:44:44.188Z,39,24008357,202601257111151,Failed,"×
Error
Unable to verify the GST e-invoice: The QR code as required in the GST e-invoice is missing in the uploaded document."
2026-01-30T04:44:51.956Z,45,24008376,202601257111166,Failed,"×
Error
Unable to verify the GST e-invoice: HSN Code in the uploaded e-invoice document are not matching with the GST Network information."
2026-01-30T04:44:55.766Z,52,24008415,202601257111484,Success,Already uploaded (green status).
2026-01-30T04:44:58.456Z,54,24008420,202601257111487,Success,Already uploaded (green status).
2026-01-30T04:45:01.760Z,55,24008439,202601257111489,Success,Already uploaded (green status).
2026-01-30T04:45:09.124Z,56,24008443,202601257111490,Failed,"×
Error
Unable to verify the GST e-invoice: HSN Code in the uploaded e-invoice document are not matching with the GST Network information."
2026-01-30T04:45:16.007Z,57,24008444,202601257111491,Success,Already uploaded (green status).
2026-01-30T04:45:27.292Z,59,24008468,202601257111493,Failed,"×
Error
Unable to verify the GST e-invoice: HSN Code in the uploaded e-invoice document are not matching with the GST Network information."
2026-01-30T04:45:38.443Z,65,24008482,202601257111503,Failed,"×
Error
Unable to verify the GST e-invoice: The QR code as required in the GST e-invoice is missing in the uploaded document."
2026-01-30T04:45:45.499Z,67,24008493,202601257111506,Failed,"×
Error
Unable to verify the GST e-invoice: HSN Code in the uploaded e-invoice document are not matching with the GST Network information."
2026-01-30T04:45:54.206Z,70,24008524,202601257111512,Failed,"×
Error
Unable to verify the GST e-invoice: The QR code as required in the GST e-invoice is missing in the uploaded document."
2026-01-30T04:45:57.348Z,73,24008565,202601257111517,Success,Already uploaded (green status).
2026-01-30T04:46:06.081Z,80,24008619,202601257111529,Failed,"×
Error
Unable to verify the GST e-invoice: The QR code as required in the GST e-invoice is missing in the uploaded document."
2026-01-30T04:46:08.843Z,82,24008622,202601257111537,Success,Already uploaded (green status).
2026-01-30T04:46:12.136Z,83,24008623,202601257111538,Success,Already uploaded (green status).
2026-01-30T04:46:19.284Z,84,24008625,202601257111541,Failed,"×
Error
Unable to verify the GST e-invoice: HSN Code in the uploaded e-invoice document are not matching with the GST Network information."
2026-01-30T04:46:26.014Z,86,24008628,202601257111545,Failed,"×
Error
Unable to verify the GST e-invoice: HSN Code in the uploaded e-invoice document are not matching with the GST Network information."
2026-01-30T04:46:33.831Z,88,24008632,202601257111548,Success,Already uploaded (green status).
2026-01-30T04:46:41.097Z,89,24008652,202601257111550,Success,Already uploaded (green status).
2026-01-30T04:46:46.363Z,90,24008653,202601257111551,Success,Already uploaded (green status).
2026-01-30T04:47:00.393Z,93,24008672,202601257111556,Failed,"×
Error
Unable to verify the GST e-invoice: HSN Code in the uploaded e-invoice document are not matching with the GST Network information."
2026-01-30T04:47:04.117Z,94,24008675,202601257111558,Success,Already uploaded (green status).
2026-01-30T04:47:07.363Z,95,24008679,202601257111559,Success,Already uploaded (green status).
2026-01-30T04:47:14.720Z,96,24008680,202601257111560,Failed,"×
Error
Unable to verify the GST e-invoice: HSN Code in the uploaded e-invoice document are not matching with the GST Network information."
2026-01-30T04:47:18.128Z,97,24008684,202601257111563,Success,Already uploaded (green status).
2026-01-30T04:47:21.270Z,99,24008688,202601257111566,Success,Already uploaded (green status).
2026-01-30T04:47:28.411Z,100,24008690,202601257111570,Failed,"×
Error
Unable to verify the GST e-invoice: HSN Code in the uploaded e-invoice document are not matching with the GST Network information."
2026-01-30T04:47:31.266Z,102,24008701,202601257111575,Success,Already uploaded (green status).
2026-01-30T04:47:33.925Z,103,24008706,202601257111578,Success,Already uploaded (green status).
2026-01-30T04:47:36.691Z,106,24008713,202601257111583,Success,Already uploaded (green status).
2026-01-30T04:47:42.761Z,107,24008714,202601257111584,Failed,"×
Error
Unable to verify the GST e-invoice: HSN Code in the uploaded e-invoice document are not matching with the GST Network information."
2026-01-30T04:47:45.907Z,108,24008715,202601257111586,Success,Already uploaded (green status).
2026-01-30T04:47:52.740Z,113,24008762,202601257111595,Success,Already uploaded (green status).
2026-01-30T04:48:00.250Z,114,24008764,202601257111596,Success,Already uploaded (green status).
2026-01-30T04:48:08.137Z,117,24008798,202601257111601,Success,Already uploaded (green status).
2026-01-30T04:48:14.394Z,119,24008826,202601257111604,Success,Already uploaded (green status).
2026-01-30T04:48:18.150Z,120,24008827,202601257111605,Success,Already uploaded (green status).
2026-01-30T04:48:21.922Z,122,24008847,202601257111609,Success,Already uploaded (green status).
2026-01-30T04:48:25.140Z,123,24008856,202601257111611,Success,Already uploaded (green status).
2026-01-30T04:48:28.472Z,126,24008876,202601257111616,Success,Already uploaded (green status).
2026-01-30T04:48:31.615Z,130,24008906,202601257111623,Success,Already uploaded (green status).
2026-01-30T04:48:34.245Z,131,24008907,202601257111625,Success,Already uploaded (green status).
2026-01-30T04:48:37.353Z,133,24008942,202601257111630,Success,Already uploaded (green status).
2026-01-30T04:49:14.046Z,135,24008944,202601257111633,Success,"×
Success
The GST e-invoice was successfully validated with GST Network information and uploaded on the EPR Plastic Portal."
2026-01-30T04:49:57.575Z,145,24009111,202601257111654,Failed,"locator.click: Timeout 30000ms exceeded.
Call log:
[2m  - waiting for locator('.modal-dialog:has-text(""Upload Invoice"")').first().locator('button.btn.btn-primary').filter({ hasText: 'Upload' }).first()[22m
[2m    - locator resolved to <button _ngcontent-ng-c3768047143="""" class=""btn btn-primary float-end m-3"">Upload</button>[22m
[2m  - attempting click action[22m
[2m    2 × waiting for element to be visible, enabled and stable[22m
[2m      - element is visible, enabled and stable[22m
[2m      - scrolling into view if needed[22m
[2m      - done scrolling[22m
[2m      - <div class="""" id=""loader-wrapper"" _ngcontent-ng-c1953110627="""">…</div> from <kl-serviceloader _nghost-ng-c1953110627="""" _ngcontent-ng-c353636183="""">…</kl-serviceloader> subtree intercepts pointer events[22m
[2m    - retrying click action[22m
[2m    - waiting 20ms[22m
[2m    2 × waiting for element to be visible, enabled and stable[22m
[2m      - element is visible, enabled and stable[22m
[2m      - scrolling into view if needed[22m
[2m      - done scrolling[22m
[2m      - <div class="""" id=""loader-wrapper"" _ngcontent-ng-c1953110627="""">…</div> from <kl-serviceloader _nghost-ng-c1953110627="""" _ngcontent-ng-c353636183="""">…</kl-serviceloader> subtree intercepts pointer events[22m
[2m    - retrying click action[22m
[2m      - waiting 100ms[22m
[2m    2 × waiting for element to be visible, enabled and stable[22m
[2m      - element is visible, enabled and stable[22m
[2m      - scrolling into view if needed[22m
[2m      - done scrolling[22m
[2m      - <div class="""" id=""loader-wrapper"" _ngcontent-ng-c1953110627="""">…</div> from <kl-serviceloader _nghost-ng-c1953110627="""" _ngcontent-ng-c353636183="""">…</kl-serviceloader> subtree intercepts pointer events[22m
[2m    - retrying click action[22m
[2m      - waiting 500ms[22m
[2m    55 × waiting for element to be visible, enabled and stable[22m
[2m       - element is not visible[22m
[2m     - retrying click action[22m
[2m       - waiting 500ms[22m
"
2026-01-30T04:50:35.137Z,147,24009113,202601257111659,Failed,"×
Error
OpenCV(4.9.0) /io/opencv/modules/imgproc/src/color.cpp:196: error: (-215:Assertion failed) !_src.empty() in function 'cvtColor'"
2026-01-30T04:51:12.337Z,148,24009114,202601257111660,Failed,"locator.click: Timeout 30000ms exceeded.
Call log:
[2m  - waiting for locator('#ScrollableSimpleTableBody tr').filter({ hasText: '202601257111660' }).first().locator('td:nth-child(15)').first().locator('.fa-exclamation-triangle.color-red').first()[22m
"
2026-01-30T04:51:20.301Z,149,24009126,202601257111661,Failed,"×
Error
OpenCV(4.9.0) /io/opencv/modules/imgproc/src/color.cpp:196: error: (-215:Assertion failed) !_src.empty() in function 'cvtColor'"
2026-01-30T04:51:27.428Z,150,24009155,202601257111665,Failed,"×
Error
Unable to verify the GST e-invoice: HSN Code in the uploaded e-invoice document are not matching with the GST Network information."
2026-01-30T04:52:34.566Z,151,24009169,202601257111666,Failed,"locator.click: Timeout 30000ms exceeded.
Call log:
[2m  - waiting for locator('.modal-dialog:has-text(""Upload Invoice"")').first().locator('button.btn.btn-primary').filter({ hasText: 'Upload' }).first()[22m
[2m    - locator resolved to <button disabled _ngcontent-ng-c3768047143="""" class=""btn btn-primary float-end m-3"">Upload</button>[22m
[2m  - attempting click action[22m
[2m    2 × waiting for element to be visible, enabled and stable[22m
[2m      - element is not visible[22m
[2m    - retrying click action[22m
[2m    - waiting 20ms[22m
[2m    2 × waiting for element to be visible, enabled and stable[22m
[2m      - element is not visible[22m
[2m    - retrying click action[22m
[2m      - waiting 100ms[22m
[2m    57 × waiting for element to be visible, enabled and stable[22m
[2m       - element is not visible[22m
[2m     - retrying click action[22m
[2m       - waiting 500ms[22m
"
2026-01-30T04:53:14.035Z,158,24009215,202601257111675,Success,"×
Success
The GST e-invoice was successfully validated with GST Network information and uploaded on the EPR Plastic Portal."
2026-01-30T04:53:51.202Z,159,24009220,202601257111676,Failed,"locator.click: Timeout 30000ms exceeded.
Call log:
[2m  - waiting for locator('#ScrollableSimpleTableBody tr').filter({ hasText: '202601257111676' }).first().locator('td:nth-child(15)').first().locator('.fa-exclamation-triangle.color-red').first()[22m
"
2026-01-30T04:54:28.839Z,161,24009227,202601257111678,Failed,"locator.click: Timeout 30000ms exceeded.
Call log:
[2m  - waiting for locator('#ScrollableSimpleTableBody tr').filter({ hasText: '202601257111678' }).first().locator('td:nth-child(15)').first().locator('.fa-exclamation-triangle.color-red').first()[22m
"
2026-01-30T04:55:05.569Z,163,24009231,202601257111681,Success,"×
Success
The GST e-invoice was successfully validated with GST Network information and uploaded on the EPR Plastic Portal."
2026-01-30T04:55:49.490Z,164,24009236,202601257111682,Failed,"locator.click: Timeout 30000ms exceeded.
Call log:
[2m  - waiting for locator('.modal-dialog:has-text(""Upload Invoice"")').first().locator('button.btn.btn-primary').filter({ hasText: 'Upload' }).first()[22m
[2m    - locator resolved to <button _ngcontent-ng-c3768047143="""" class=""btn btn-primary float-end m-3"">Upload</button>[22m
[2m  - attempting click action[22m
[2m    2 × waiting for element to be visible, enabled and stable[22m
[2m      - element is visible, enabled and stable[22m
[2m      - scrolling into view if needed[22m
[2m      - done scrolling[22m
[2m      - <div class="""" id=""loader-wrapper"" _ngcontent-ng-c1953110627="""">…</div> from <kl-serviceloader _nghost-ng-c1953110627="""" _ngcontent-ng-c353636183="""">…</kl-serviceloader> subtree intercepts pointer events[22m
[2m    - retrying click action[22m
[2m    - waiting 20ms[22m
[2m    2 × waiting for element to be visible, enabled and stable[22m
[2m      - element is visible, enabled and stable[22m
[2m      - scrolling into view if needed[22m
[2m      - done scrolling[22m
[2m      - <div class="""" id=""loader-wrapper"" _ngcontent-ng-c1953110627="""">…</div> from <kl-serviceloader _nghost-ng-c1953110627="""" _ngcontent-ng-c353636183="""">…</kl-serviceloader> subtree intercepts pointer events[22m
[2m    - retrying click action[22m
[2m      - waiting 100ms[22m
[2m    - waiting for element to be visible, enabled and stable[22m
[2m    - element is not stable[22m
[2m  55 × retrying click action[22m
[2m       - waiting 500ms[22m
[2m       - waiting for element to be visible, enabled and stable[22m
[2m       - element is not visible[22m
[2m  - retrying click action[22m
[2m    - waiting 500ms[22m
"
2026-01-30T04:56:27.478Z,165,24009245,202601257111683,Success,"×
Success
The GST e-invoice was successfully validated with GST Network information and uploaded on the EPR Plastic Portal."
2026-01-30T04:56:35.616Z,168,24009272,202601257111689,Failed,"×
Error
Unable to verify the GST e-invoice: HSN Code in the uploaded e-invoice document are not matching with the GST Network information.
×
Error
Unable to verify the GST e-invoice: Seller GST number , Buyer GST number , Invoice number , Date of sale entry , Total Amount Value , HSN Code in the uploaded e-invoice document are not matching with the GST Network information."
2026-01-30T04:57:12.729Z,171,24009286,202601257111693,Failed,"locator.click: Timeout 30000ms exceeded.
Call log:
[2m  - waiting for locator('#ScrollableSimpleTableBody tr').filter({ hasText: '202601257111693' }).first().locator('td:nth-child(15)').first().locator('.fa-exclamation-triangle.color-red').first()[22m
"
2026-01-30T04:57:52.487Z,172,24009301,202601257111694,Failed,"locator.click: Timeout 30000ms exceeded.
Call log:
[2m  - waiting for locator('.modal-dialog:has-text(""Upload Invoice"")').first().locator('button.btn.btn-primary').filter({ hasText: 'Upload' }).first()[22m
[2m    - locator resolved to <button _ngcontent-ng-c3768047143="""" class=""btn btn-primary float-end m-3"">Upload</button>[22m
[2m  - attempting click action[22m
[2m    2 × waiting for element to be visible, enabled and stable[22m
[2m      - element is visible, enabled and stable[22m
[2m      - scrolling into view if needed[22m
[2m      - done scrolling[22m
[2m      - <div class="""" id=""loader-wrapper"" _ngcontent-ng-c1953110627="""">…</div> from <kl-serviceloader _nghost-ng-c1953110627="""" _ngcontent-ng-c353636183="""">…</kl-serviceloader> subtree intercepts pointer events[22m
[2m    - retrying click action[22m
[2m    - waiting 20ms[22m
[2m    2 × waiting for element to be visible, enabled and stable[22m
[2m      - element is visible, enabled and stable[22m
[2m      - scrolling into view if needed[22m
[2m      - done scrolling[22m
[2m      - <div class="""" id=""loader-wrapper"" _ngcontent-ng-c1953110627="""">…</div> from <kl-serviceloader _nghost-ng-c1953110627="""" _ngcontent-ng-c353636183="""">…</kl-serviceloader> subtree intercepts pointer events[22m
[2m    - retrying click action[22m
[2m      - waiting 100ms[22m
[2m    2 × waiting for element to be visible, enabled and stable[22m
[2m      - element is visible, enabled and stable[22m
[2m      - scrolling into view if needed[22m
[2m      - done scrolling[22m
[2m      - <div class="""" id=""loader-wrapper"" _ngcontent-ng-c1953110627="""">…</div> from <kl-serviceloader _nghost-ng-c1953110627="""" _ngcontent-ng-c353636183="""">…</kl-serviceloader> subtree intercepts pointer events[22m
[2m    - retrying click action[22m
[2m      - waiting 500ms[22m
[2m    54 × waiting for element to be visible, enabled and stable[22m
[2m       - element is not visible[22m
[2m     - retrying click action[22m
[2m       - waiting 500ms[22m
"
2026-01-30T04:58:29.563Z,175,24009359,202601257111699,Failed,"locator.click: Timeout 30000ms exceeded.
Call log:
[2m  - waiting for locator('#ScrollableSimpleTableBody tr').filter({ hasText: '202601257111699' }).first().locator('td:nth-child(15)').first().locator('.fa-exclamation-triangle.color-red').first()[22m
"
2026-01-30T04:58:37.956Z,176,24009381,202601257111701,Failed,"×
Error
Unable to verify the GST e-invoice: Seller GST number , Buyer GST number , Invoice number , Date of sale entry , Total Amount Value , HSN Code in the uploaded e-invoice document are not matching with the GST Network information."
2026-01-30T04:58:45.180Z,181,24009436,202601257111710,Failed,"×
Error
Unable to verify the GST e-invoice: HSN Code in the uploaded e-invoice document are not matching with the GST Network information."
2026-01-30T04:59:27.025Z,183,24009448,202601257111712,Failed,"locator.click: Timeout 30000ms exceeded.
Call log:
[2m  - waiting for locator('.modal-dialog:has-text(""Upload Invoice"")').first().locator('button.btn.btn-primary').filter({ hasText: 'Upload' }).first()[22m
[2m    - locator resolved to <button _ngcontent-ng-c3768047143="""" class=""btn btn-primary float-end m-3"">Upload</button>[22m
[2m  - attempting click action[22m
[2m    2 × waiting for element to be visible, enabled and stable[22m
[2m      - element is visible, enabled and stable[22m
[2m      - scrolling into view if needed[22m
[2m      - done scrolling[22m
[2m      - <div class="""" id=""loader-wrapper"" _ngcontent-ng-c1953110627="""">…</div> from <kl-serviceloader _nghost-ng-c1953110627="""" _ngcontent-ng-c353636183="""">…</kl-serviceloader> subtree intercepts pointer events[22m
[2m    - retrying click action[22m
[2m    - waiting 20ms[22m
[2m    2 × waiting for element to be visible, enabled and stable[22m
[2m      - element is visible, enabled and stable[22m
[2m      - scrolling into view if needed[22m
[2m      - done scrolling[22m
[2m      - <div class="""" id=""loader-wrapper"" _ngcontent-ng-c1953110627="""">…</div> from <kl-serviceloader _nghost-ng-c1953110627="""" _ngcontent-ng-c353636183="""">…</kl-serviceloader> subtree intercepts pointer events[22m
[2m    - retrying click action[22m
[2m      - waiting 100ms[22m
[2m    - waiting for element to be visible, enabled and stable[22m
[2m    - element is visible, enabled and stable[22m
[2m    - scrolling into view if needed[22m
[2m    - done scrolling[22m
[2m    - <div class="""" id=""loader-wrapper"" _ngcontent-ng-c1953110627="""">…</div> from <kl-serviceloader _nghost-ng-c1953110627="""" _ngcontent-ng-c353636183="""">…</kl-serviceloader> subtree intercepts pointer events[22m
[2m  - retrying click action[22m
[2m    - waiting 500ms[22m
[2m    - waiting for element to be visible, enabled and stable[22m
[2m    - element is not stable[22m
[2m  54 × retrying click action[22m
[2m       - waiting 500ms[22m
[2m       - waiting for element to be visible, enabled and stable[22m
[2m       - element is not visible[22m
[2m  - retrying click action[22m
[2m    - waiting 500ms[22m
"
2026-01-30T05:00:04.522Z,185,24009452,202601257111716,Failed,"locator.click: Timeout 30000ms exceeded.
Call log:
[2m  - waiting for locator('#ScrollableSimpleTableBody tr').filter({ hasText: '202601257111716' }).first().locator('td:nth-child(15)').first().locator('.fa-exclamation-triangle.color-red').first()[22m
"
2026-01-30T05:00:43.119Z,187,24009473,202601257111720,Failed,"locator.click: Timeout 30000ms exceeded.
Call log:
[2m  - waiting for locator('.modal-dialog:has-text(""Upload Invoice"")').first().locator('button.btn.btn-primary').filter({ hasText: 'Upload' }).first()[22m
[2m    - locator resolved to <button _ngcontent-ng-c3768047143="""" class=""btn btn-primary float-end m-3"">Upload</button>[22m
[2m  - attempting click action[22m
[2m    2 × waiting for element to be visible, enabled and stable[22m
[2m      - element is visible, enabled and stable[22m
[2m      - scrolling into view if needed[22m
[2m      - done scrolling[22m
[2m      - <div class="""" id=""loader-wrapper"" _ngcontent-ng-c1953110627="""">…</div> from <kl-serviceloader _nghost-ng-c1953110627="""" _ngcontent-ng-c353636183="""">…</kl-serviceloader> subtree intercepts pointer events[22m
[2m    - retrying click action[22m
[2m    - waiting 20ms[22m
[2m    - waiting for element to be visible, enabled and stable[22m
[2m    - element is not stable[22m
[2m  2 × retrying click action[22m
[2m      - waiting 100ms[22m
[2m      - waiting for element to be visible, enabled and stable[22m
[2m      - element is not visible[22m
[2m  55 × retrying click action[22m
[2m       - waiting 500ms[22m
[2m       - waiting for element to be visible, enabled and stable[22m
[2m       - element is not visible[22m
[2m  - retrying click action[22m
[2m    - waiting 500ms[22m
"
2026-01-30T05:01:21.427Z,188,24009474,202601257111721,Failed,"locator.click: Timeout 30000ms exceeded.
Call log:
[2m  - waiting for locator('#ScrollableSimpleTableBody tr').filter({ hasText: '202601257111721' }).first().locator('td:nth-child(15)').first().locator('.fa-exclamation-triangle.color-red').first()[22m
"
2026-01-30T05:01:59.512Z,190,24009477,202601257111727,Failed,"locator.click: Timeout 30000ms exceeded.
Call log:
[2m  - waiting for locator('.modal-dialog:has-text(""Upload Invoice"")').first().locator('button.btn.btn-primary').filter({ hasText: 'Upload' }).first()[22m
[2m    - locator resolved to <button _ngcontent-ng-c3768047143="""" class=""btn btn-primary float-end m-3"">Upload</button>[22m
[2m  - attempting click action[22m
[2m    2 × waiting for element to be visible, enabled and stable[22m
[2m      - element is visible, enabled and stable[22m
[2m      - scrolling into view if needed[22m
[2m      - done scrolling[22m
[2m      - <div class="""" id=""loader-wrapper"" _ngcontent-ng-c1953110627="""">…</div> from <kl-serviceloader _nghost-ng-c1953110627="""" _ngcontent-ng-c353636183="""">…</kl-serviceloader> subtree intercepts pointer events[22m
[2m    - retrying click action[22m
[2m    - waiting 20ms[22m
[2m    2 × waiting for element to be visible, enabled and stable[22m
[2m      - element is visible, enabled and stable[22m
[2m      - scrolling into view if needed[22m
[2m      - done scrolling[22m
[2m      - <div class="""" id=""loader-wrapper"" _ngcontent-ng-c1953110627="""">…</div> from <kl-serviceloader _nghost-ng-c1953110627="""" _ngcontent-ng-c353636183="""">…</kl-serviceloader> subtree intercepts pointer events[22m
[2m    - retrying click action[22m
[2m      - waiting 100ms[22m
[2m    - waiting for element to be visible, enabled and stable[22m
[2m    - element is visible, enabled and stable[22m
[2m    - scrolling into view if needed[22m
[2m    - done scrolling[22m
[2m    - <div class="""" id=""loader-wrapper"" _ngcontent-ng-c1953110627="""">…</div> from <kl-serviceloader _nghost-ng-c1953110627="""" _ngcontent-ng-c353636183="""">…</kl-serviceloader> subtree intercepts pointer events[22m
[2m  55 × retrying click action[22m
[2m       - waiting 500ms[22m
[2m       - waiting for element to be visible, enabled and stable[22m
[2m       - element is not visible[22m
[2m  - retrying click action[22m
[2m    - waiting 500ms[22m
"
2026-01-30T05:02:37.856Z,191,24009492,202601257111729,Success,"×
Success
The GST e-invoice was successfully validated with GST Network information and uploaded on the EPR Plastic Portal."
2026-01-30T05:02:46.920Z,192,24009493,202601257111730,Failed,"×
Error
Unable to verify the GST e-invoice: HSN Code in the uploaded e-invoice document are not matching with the GST Network information."
2026-01-30T05:03:29.057Z,195,24009514,202601257111748,Failed,"locator.click: Timeout 30000ms exceeded.
Call log:
[2m  - waiting for locator('.modal-dialog:has-text(""Upload Invoice"")').first().locator('button.btn.btn-primary').filter({ hasText: 'Upload' }).first()[22m
[2m    - locator resolved to <button _ngcontent-ng-c3768047143="""" class=""btn btn-primary float-end m-3"">Upload</button>[22m
[2m  - attempting click action[22m
[2m    2 × waiting for element to be visible, enabled and stable[22m
[2m      - element is visible, enabled and stable[22m
[2m      - scrolling into view if needed[22m
[2m      - done scrolling[22m
[2m      - <div class="""" id=""loader-wrapper"" _ngcontent-ng-c1953110627="""">…</div> from <kl-serviceloader _nghost-ng-c1953110627="""" _ngcontent-ng-c353636183="""">…</kl-serviceloader> subtree intercepts pointer events[22m
[2m    - retrying click action[22m
[2m    - waiting 20ms[22m
[2m    2 × waiting for element to be visible, enabled and stable[22m
[2m      - element is visible, enabled and stable[22m
[2m      - scrolling into view if needed[22m
[2m      - done scrolling[22m
[2m      - <div class="""" id=""loader-wrapper"" _ngcontent-ng-c1953110627="""">…</div> from <kl-serviceloader _nghost-ng-c1953110627="""" _ngcontent-ng-c353636183="""">…</kl-serviceloader> subtree intercepts pointer events[22m
[2m    - retrying click action[22m
[2m      - waiting 100ms[22m
[2m    - waiting for element to be visible, enabled and stable[22m
[2m    - element is not stable[22m
[2m  55 × retrying click action[22m
[2m       - waiting 500ms[22m
[2m       - waiting for element to be visible, enabled and stable[22m
[2m       - element is not visible[22m
[2m  - retrying click action[22m
[2m    - waiting 500ms[22m
"
2026-01-30T05:04:06.339Z,196,24009516,202601257111755,Success,"×
Success
The GST e-invoice was successfully validated with GST Network information and uploaded on the EPR Plastic Portal."
2026-01-30T05:04:47.710Z,200,24009539,202601257111784,Failed,"locator.click: Timeout 30000ms exceeded.
Call log:
[2m  - waiting for locator('.modal-dialog:has-text(""Upload Invoice"")').first().locator('button.btn.btn-primary').filter({ hasText: 'Upload' }).first()[22m
[2m    - locator resolved to <button _ngcontent-ng-c3768047143="""" class=""btn btn-primary float-end m-3"">Upload</button>[22m
[2m  - attempting click action[22m
[2m    2 × waiting for element to be visible, enabled and stable[22m
[2m      - element is visible, enabled and stable[22m
[2m      - scrolling into view if needed[22m
[2m      - done scrolling[22m
[2m      - <div class="""" id=""loader-wrapper"" _ngcontent-ng-c1953110627="""">…</div> from <kl-serviceloader _nghost-ng-c1953110627="""" _ngcontent-ng-c353636183="""">…</kl-serviceloader> subtree intercepts pointer events[22m
[2m    - retrying click action[22m
[2m    - waiting 20ms[22m
[2m    2 × waiting for element to be visible, enabled and stable[22m
[2m      - element is visible, enabled and stable[22m
[2m      - scrolling into view if needed[22m
[2m      - done scrolling[22m
[2m      - <div class="""" id=""loader-wrapper"" _ngcontent-ng-c1953110627="""">…</div> from <kl-serviceloader _nghost-ng-c1953110627="""" _ngcontent-ng-c353636183="""">…</kl-serviceloader> subtree intercepts pointer events[22m
[2m    - retrying click action[22m
[2m      - waiting 100ms[22m
[2m    - waiting for element to be visible, enabled and stable[22m
[2m    - element is not stable[22m
[2m  55 × retrying click action[22m
[2m       - waiting 500ms[22m
[2m       - waiting for element to be visible, enabled and stable[22m
[2m       - element is not visible[22m
[2m  - retrying click action[22m
[2m    - waiting 500ms[22m
"
2026-01-30T05:16:37.097Z,2,24008174,202601257111068,Failed,"×
Error
Unable to verify the GST e-invoice: HSN Code in the uploaded e-invoice document are not matching with the GST Network information."
2026-01-30T05:16:45.061Z,3,24008208,202601257111079,Failed,"×
Error
Unable to verify the GST e-invoice: HSN Code in the uploaded e-invoice document are not matching with the GST Network information."
2026-01-30T05:16:52.064Z,4,24008209,202601257111083,Failed,"×
Error
OpenCV(4.9.0) /io/opencv/modules/imgproc/src/color.cpp:196: error: (-215:Assertion failed) !_src.empty() in function 'cvtColor'
×
Error
Unable to verify the GST e-invoice: HSN Code in the uploaded e-invoice document are not matching with the GST Network information."
2026-01-30T05:17:03.588Z,5,24008215,202601257111089,Failed,"×
Error
Unable to verify the GST e-invoice: HSN Code in the uploaded e-invoice document are not matching with the GST Network information."
2026-01-30T05:17:11.589Z,6,24008252,202601257111105,Failed,"×
Error
Unable to verify the GST e-invoice: HSN Code in the uploaded e-invoice document are not matching with the GST Network information."
2026-01-30T05:17:18.372Z,7,24008287,202601257111117,Failed,"×
Error
Unable to verify the GST e-invoice: HSN Code in the uploaded e-invoice document are not matching with the GST Network information."
2026-01-30T05:17:25.137Z,8,24008303,202601257111119,Failed,"×
Error
Unable to verify the GST e-invoice: HSN Code in the uploaded e-invoice document are not matching with the GST Network information."
2026-01-30T05:17:36.143Z,9,24008357,202601257111151,Failed,"×
Error
Unable to verify the GST e-invoice: The QR code as required in the GST e-invoice is missing in the uploaded document.
×
Error
OpenCV(4.9.0) /io/opencv/modules/imgproc/src/color.cpp:196: error: (-215:Assertion failed) !_src.empty() in function 'cvtColor'"
2026-01-30T05:17:46.543Z,10,24008376,202601257111166,Failed,"×
Error
Unable to verify the GST e-invoice: HSN Code in the uploaded e-invoice document are not matching with the GST Network information.
×
Error
OpenCV(4.9.0) /io/opencv/modules/imgproc/src/color.cpp:196: error: (-215:Assertion failed) !_src.empty() in function 'cvtColor'"
2026-01-30T05:17:50.706Z,11,24008415,202601257111484,Success,Already uploaded (green status).
2026-01-30T05:17:53.765Z,12,24008420,202601257111487,Success,Already uploaded (green status).
2026-01-30T05:17:56.669Z,13,24008439,202601257111489,Success,Already uploaded (green status).
2026-01-30T05:18:03.154Z,14,24008443,202601257111490,Failed,"×
Error
Unable to verify the GST e-invoice: HSN Code in the uploaded e-invoice document are not matching with the GST Network information."
2026-01-30T05:18:06.194Z,15,24008444,202601257111491,Success,Already uploaded (green status).
2026-01-30T05:18:12.844Z,16,24008468,202601257111493,Failed,"×
Error
Unable to verify the GST e-invoice: HSN Code in the uploaded e-invoice document are not matching with the GST Network information."
2026-01-30T05:18:19.547Z,17,24008482,202601257111503,Failed,"×
Error
Unable to verify the GST e-invoice: The QR code as required in the GST e-invoice is missing in the uploaded document."
2026-01-30T05:18:26.437Z,18,24008493,202601257111506,Failed,"×
Error
Unable to verify the GST e-invoice: HSN Code in the uploaded e-invoice document are not matching with the GST Network information."
2026-01-30T05:18:33.160Z,19,24008524,202601257111512,Failed,"×
Error
Unable to verify the GST e-invoice: Seller GST number , Buyer GST number , Invoice number , Date of sale entry , Total Amount Value , HSN Code in the uploaded e-invoice document are not matching with the GST Network information.
×
Error
Unable to verify the GST e-invoice. The QR Code information is not matching with the GST Network information."
2026-01-30T05:18:35.641Z,20,24008565,202601257111517,Success,Already uploaded (green status).
2026-01-30T05:18:43.134Z,21,24008619,202601257111529,Failed,"×
Error
Unable to verify the GST e-invoice: The QR code as required in the GST e-invoice is missing in the uploaded document."
2026-01-30T05:18:45.552Z,22,24008622,202601257111537,Success,Already uploaded (green status).
2026-01-30T05:18:52.088Z,23,24008623,202601257111538,Success,Already uploaded (green status).
2026-01-30T05:19:03.244Z,24,24008625,202601257111541,Failed,"×
Error
Unable to verify the GST e-invoice: HSN Code in the uploaded e-invoice document are not matching with the GST Network information."
2026-01-30T05:19:10.878Z,25,24008628,202601257111545,Failed,"×
Error
OpenCV(4.9.0) /io/opencv/modules/imgproc/src/color.cpp:196: error: (-215:Assertion failed) !_src.empty() in function 'cvtColor'
×
Error
Unable to verify the GST e-invoice: HSN Code in the uploaded e-invoice document are not matching with the GST Network information."
2026-01-30T05:19:13.745Z,26,24008632,202601257111548,Success,Already uploaded (green status).
2026-01-30T05:19:16.784Z,27,24008652,202601257111550,Success,Already uploaded (green status).
2026-01-30T05:19:19.193Z,28,24008653,202601257111551,Success,Already uploaded (green status).
2026-01-30T05:19:31.750Z,29,24008672,202601257111556,Failed,"×
Error
Unable to verify the GST e-invoice: HSN Code in the uploaded e-invoice document are not matching with the GST Network information."
2026-01-30T05:19:34.291Z,30,24008675,202601257111558,Success,Already uploaded (green status).
2026-01-30T05:19:37.362Z,31,24008679,202601257111559,Success,Already uploaded (green status).
2026-01-30T05:19:44.277Z,32,24008680,202601257111560,Failed,"×
Error
Unable to verify the GST e-invoice: HSN Code in the uploaded e-invoice document are not matching with the GST Network information."
2026-01-30T05:19:47.203Z,33,24008684,202601257111563,Success,Already uploaded (green status).
2026-01-30T05:19:50.272Z,34,24008688,202601257111566,Success,Already uploaded (green status).
2026-01-30T05:19:57.178Z,35,24008690,202601257111570,Failed,"×
Error
Unable to verify the GST e-invoice: HSN Code in the uploaded e-invoice document are not matching with the GST Network information."
2026-01-30T05:20:00.076Z,36,24008701,202601257111575,Success,Already uploaded (green status).
2026-01-30T05:20:02.831Z,37,24008706,202601257111578,Success,Already uploaded (green status).
2026-01-30T05:20:08.099Z,38,24008713,202601257111583,Success,Already uploaded (green status).
2026-01-30T05:20:18.633Z,39,24008714,202601257111584,Failed,"×
Error
Unable to verify the GST e-invoice: HSN Code in the uploaded e-invoice document are not matching with the GST Network information."
2026-01-30T05:20:26.653Z,40,24008715,202601257111586,Success,Already uploaded (green status).
2026-01-30T05:20:32.873Z,41,24008762,202601257111595,Success,Already uploaded (green status).
2026-01-30T05:20:36.639Z,42,24008764,202601257111596,Success,Already uploaded (green status).
2026-01-30T05:20:39.593Z,43,24008798,202601257111601,Success,Already uploaded (green status).
2026-01-30T05:20:42.394Z,44,24008826,202601257111604,Success,Already uploaded (green status).
2026-01-30T05:20:47.418Z,45,24008827,202601257111605,Success,Already uploaded (green status).
2026-01-30T05:20:50.690Z,46,24008847,202601257111609,Success,Already uploaded (green status).
2026-01-30T05:20:53.916Z,47,24008856,202601257111611,Success,Already uploaded (green status).
2026-01-30T05:20:56.611Z,48,24008876,202601257111616,Success,Already uploaded (green status).
2026-01-30T05:20:59.305Z,49,24008906,202601257111623,Success,Already uploaded (green status).
2026-01-30T05:21:02.023Z,50,24008907,202601257111625,Success,Already uploaded (green status).
2026-01-30T05:21:04.465Z,51,24008942,202601257111630,Success,Already uploaded (green status).
2026-01-30T05:21:07.364Z,52,24008944,202601257111633,Success,Already uploaded (green status).
2026-01-30T05:21:11.133Z,53,24009111,202601257111654,Success,Already uploaded (green status).
2026-01-30T05:21:13.883Z,54,24009113,202601257111659,Success,Already uploaded (green status).
2026-01-30T05:21:16.814Z,55,24009114,202601257111660,Success,Already uploaded (green status).
2026-01-30T05:21:23.339Z,56,24009126,202601257111661,Failed,"×
Error
Duplicate IRN as per gst e-invoice file"
2026-01-30T05:21:29.679Z,57,24009155,202601257111665,Failed,"×
Error
Unable to verify the GST e-invoice: HSN Code in the uploaded e-invoice document are not matching with the GST Network information."
2026-01-30T05:21:35.503Z,58,24009169,202601257111666,Success,Already uploaded (green status).
2026-01-30T05:21:43.042Z,59,24009215,202601257111675,Success,Already uploaded (green status).
2026-01-30T05:21:50.499Z,60,24009220,202601257111676,Success,Already uploaded (green status).
2026-01-30T05:21:55.772Z,61,24009227,202601257111678,Success,Already uploaded (green status).
2026-01-30T05:21:58.465Z,62,24009231,202601257111681,Success,Already uploaded (green status).
2026-01-30T05:22:01.764Z,63,24009236,202601257111682,Success,Already uploaded (green status).
2026-01-30T05:22:04.734Z,64,24009245,202601257111683,Success,Already uploaded (green status).
2026-01-30T05:22:11.828Z,65,24009272,202601257111689,Failed,"×
Error
OpenCV(4.9.0) /io/opencv/modules/imgproc/src/color.cpp:196: error: (-215:Assertion failed) !_src.empty() in function 'cvtColor'
×
Error
Unable to verify the GST e-invoice: HSN Code in the uploaded e-invoice document are not matching with the GST Network information."
2026-01-30T05:22:14.845Z,66,24009286,202601257111693,Success,Already uploaded (green status).
2026-01-30T05:22:17.641Z,67,24009301,202601257111694,Success,Already uploaded (green status).
2026-01-30T05:22:20.403Z,68,24009359,202601257111699,Success,Already uploaded (green status).
2026-01-30T05:22:26.726Z,69,24009381,202601257111701,Failed,"×
Error
Unable to verify the GST e-invoice: HSN Code in the uploaded e-invoice document are not matching with the GST Network information."
2026-01-30T05:22:33.743Z,70,24009436,202601257111710,Failed,"×
Error
Unable to verify the GST e-invoice: HSN Code in the uploaded e-invoice document are not matching with the GST Network information."
2026-01-30T05:22:36.476Z,71,24009448,202601257111712,Success,Already uploaded (green status).
2026-01-30T05:22:39.163Z,72,24009452,202601257111716,Success,Already uploaded (green status).
2026-01-30T05:22:41.959Z,73,24009473,202601257111720,Success,Already uploaded (green status).
2026-01-30T05:22:44.672Z,74,24009474,202601257111721,Success,Already uploaded (green status).
2026-01-30T05:22:47.385Z,75,24009477,202601257111727,Success,Already uploaded (green status).
2026-01-30T05:22:49.650Z,76,24009492,202601257111729,Success,Already uploaded (green status).
2026-01-30T05:22:56.421Z,77,24009493,202601257111730,Failed,"×
Error
Unable to verify the GST e-invoice: HSN Code in the uploaded e-invoice document are not matching with the GST Network information."
2026-01-30T05:23:03.812Z,78,24009514,202601257111748,Success,Already uploaded (green status).
2026-01-30T05:23:11.690Z,79,24009516,202601257111755,Success,Already uploaded (green status).
2026-01-30T05:23:19.762Z,80,24009539,202601257111784,Success,Already uploaded (green status).
2026-01-30T05:23:57.647Z,81,24009551,202601257111798,Failed,"locator.click: Timeout 30000ms exceeded.
Call log:
[2m  - waiting for locator('#ScrollableSimpleTableBody tr').filter({ hasText: '202601257111798' }).first().locator('td:nth-child(15)').first().locator('.fa-exclamation-triangle.color-red').first()[22m
"
2026-01-30T05:24:34.270Z,82,24009553,202601257111804,Failed,"locator.click: Timeout 30000ms exceeded.
Call log:
[2m  - waiting for locator('#ScrollableSimpleTableBody tr').filter({ hasText: '202601257111804' }).first().locator('td:nth-child(15)').first().locator('.fa-exclamation-triangle.color-red').first()[22m
"
2026-01-30T05:25:03.437Z,83,24009573,202601257111824,Failed,"locator.click: Target page, context or browser has been closed
Call log:
[2m  - waiting for locator('#ScrollableSimpleTableBody tr').filter({ hasText: '202601257111824' }).first().locator('td:nth-child(15)').first().locator('.fa-exclamation-triangle.color-red').first()[22m
"
2026-01-30T05:25:03.678Z,84,24009586,202601257111831,Failed,"locator.waitFor: Target page, context or browser has been closed"
2026-01-30T05:27:01.743Z,2,24008174,202601257111068,Failed,"×
Error
Unable to verify the GST e-invoice: HSN Code in the uploaded e-invoice document are not matching with the GST Network information."
2026-01-30T05:27:13.284Z,3,24008208,202601257111079,Failed,"×
Error
Unable to verify the GST e-invoice: HSN Code in the uploaded e-invoice document are not matching with the GST Network information."
2026-01-30T05:27:23.402Z,4,24008209,202601257111083,Failed,"×
Error
Unable to verify the GST e-invoice: HSN Code in the uploaded e-invoice document are not matching with the GST Network information."
2026-01-30T05:27:29.421Z,5,24008215,202601257111089,Failed,"×
Error
Unable to verify the GST e-invoice: HSN Code in the uploaded e-invoice document are not matching with the GST Network information."
2026-01-30T05:27:35.247Z,6,24008252,202601257111105,Failed,"×
Error
Unable to verify the GST e-invoice: HSN Code in the uploaded e-invoice document are not matching with the GST Network information."
2026-01-30T05:27:40.907Z,7,24008287,202601257111117,Failed,"×
Error
Unable to verify the GST e-invoice: HSN Code in the uploaded e-invoice document are not matching with the GST Network information."
2026-01-30T05:27:47.360Z,8,24008303,202601257111119,Failed,"×
Error
Unable to verify the GST e-invoice: HSN Code in the uploaded e-invoice document are not matching with the GST Network information."
2026-01-30T05:27:54.173Z,9,24008357,202601257111151,Failed,"×
Error
Unable to verify the GST e-invoice: The QR code as required in the GST e-invoice is missing in the uploaded document."
2026-01-30T05:28:04.778Z,10,24008376,202601257111166,Failed,"×
Error
Unable to verify the GST e-invoice: HSN Code in the uploaded e-invoice document are not matching with the GST Network information."
2026-01-30T05:28:08.610Z,11,24008415,202601257111484,Success,Already uploaded (green status).
2026-01-30T05:28:12.017Z,12,24008420,202601257111487,Success,Already uploaded (green status).
2026-01-30T05:28:14.854Z,13,24008439,202601257111489,Success,Already uploaded (green status).
2026-01-30T05:28:21.657Z,14,24008443,202601257111490,Failed,"×
Error
Unable to verify the GST e-invoice: HSN Code in the uploaded e-invoice document are not matching with the GST Network information."
2026-01-30T05:28:24.682Z,15,24008444,202601257111491,Success,Already uploaded (green status).
2026-01-30T05:28:32.817Z,16,24008468,202601257111493,Failed,"×
Error
Unable to verify the GST e-invoice: HSN Code in the uploaded e-invoice document are not matching with the GST Network information."
2026-01-30T05:28:40.909Z,17,24008482,202601257111503,Failed,"×
Error
Unable to verify the GST e-invoice: The QR code as required in the GST e-invoice is missing in the uploaded document."
2026-01-30T05:28:47.401Z,18,24008493,202601257111506,Failed,"×
Error
Unable to verify the GST e-invoice: HSN Code in the uploaded e-invoice document are not matching with the GST Network information."
2026-01-30T05:28:55.422Z,19,24008524,202601257111512,Failed,"×
Error
OpenCV(4.9.0) /io/opencv/modules/imgproc/src/color.cpp:196: error: (-215:Assertion failed) !_src.empty() in function 'cvtColor'"
2026-01-30T05:28:55.424Z,19,24008524,202601257111512,Failed,"EBUSY: resource busy or locked, open 'C:\Users\Lenovo\epr-sales-automation\Toppan PWP Sale For Automation_output_upload_filled.csv'"
2026-01-30T05:30:27.416Z,2,24008174,202601257111068,Failed,"×
Error
Unable to verify the GST e-invoice: HSN Code in the uploaded e-invoice document are not matching with the GST Network information."
2026-01-30T05:30:33.906Z,3,24008208,202601257111079,Failed,"×
Error
Unable to verify the GST e-invoice: HSN Code in the uploaded e-invoice document are not matching with the GST Network information."
2026-01-30T05:30:40.765Z,4,24008209,202601257111083,Failed,"×
Error
OpenCV(4.9.0) /io/opencv/modules/imgproc/src/color.cpp:196: error: (-215:Assertion failed) !_src.empty() in function 'cvtColor'
×
Error
Unable to verify the GST e-invoice: HSN Code in the uploaded e-invoice document are not matching with the GST Network information."
2026-01-30T05:30:48.507Z,5,24008215,202601257111089,Failed,"×
Error
Unable to verify the GST e-invoice: HSN Code in the uploaded e-invoice document are not matching with the GST Network information."
2026-01-30T05:30:55.005Z,6,24008252,202601257111105,Failed,"×
Error
OpenCV(4.9.0) /io/opencv/modules/imgproc/src/color.cpp:196: error: (-215:Assertion failed) !_src.empty() in function 'cvtColor'"
2026-01-30T05:31:01.913Z,7,24008287,202601257111117,Failed,"×
Error
Unable to verify the GST e-invoice: HSN Code in the uploaded e-invoice document are not matching with the GST Network information."
2026-01-30T05:31:09.103Z,8,24008303,202601257111119,Failed,"×
Error
OpenCV(4.9.0) /io/opencv/modules/imgproc/src/color.cpp:196: error: (-215:Assertion failed) !_src.empty() in function 'cvtColor'"
2026-01-30T05:31:15.637Z,9,24008357,202601257111151,Failed,"×
Error
Unable to verify the GST e-invoice: The QR code as required in the GST e-invoice is missing in the uploaded document."
2026-01-30T05:31:23.314Z,10,24008376,202601257111166,Failed,"×
Error
Unable to verify the GST e-invoice: HSN Code in the uploaded e-invoice document are not matching with the GST Network information."
2026-01-30T05:31:26.115Z,11,24008415,202601257111484,Success,Already uploaded (green status).
2026-01-30T05:31:28.967Z,12,24008420,202601257111487,Success,Already uploaded (green status).
2026-01-30T05:31:31.803Z,13,24008439,202601257111489,Success,Already uploaded (green status).
2026-01-30T05:31:38.283Z,14,24008443,202601257111490,Failed,"×
Error
OpenCV(4.9.0) /io/opencv/modules/imgproc/src/color.cpp:196: error: (-215:Assertion failed) !_src.empty() in function 'cvtColor'
×
Error
Unable to verify the GST e-invoice: HSN Code in the uploaded e-invoice document are not matching with the GST Network information."
2026-01-30T05:31:41.127Z,15,24008444,202601257111491,Success,Already uploaded (green status).
2026-01-30T05:31:47.607Z,16,24008468,202601257111493,Failed,"×
Error
Unable to verify the GST e-invoice: HSN Code in the uploaded e-invoice document are not matching with the GST Network information."
2026-01-30T05:31:55.178Z,17,24008482,202601257111503,Failed,"×
Error
Unable to verify the GST e-invoice: The QR code as required in the GST e-invoice is missing in the uploaded document."
2026-01-30T05:32:01.663Z,18,24008493,202601257111506,Failed,"×
Error
Unable to verify the GST e-invoice: HSN Code in the uploaded e-invoice document are not matching with the GST Network information."
2026-01-30T05:32:10.118Z,19,24008524,202601257111512,Failed,"×
Error
Unable to verify the GST e-invoice: The QR code as required in the GST e-invoice is missing in the uploaded document."
2026-01-30T05:32:13.355Z,20,24008565,202601257111517,Success,Already uploaded (green status).
2026-01-30T05:32:19.807Z,21,24008619,202601257111529,Failed,"×
Error
OpenCV(4.9.0) /io/opencv/modules/imgproc/src/color.cpp:196: error: (-215:Assertion failed) !_src.empty() in function 'cvtColor'"
2026-01-30T05:32:22.634Z,22,24008622,202601257111537,Success,Already uploaded (green status).
2026-01-30T05:32:25.923Z,23,24008623,202601257111538,Success,Already uploaded (green status).
2026-01-30T05:32:33.001Z,24,24008625,202601257111541,Failed,"×
Error
Unable to verify the GST e-invoice: HSN Code in the uploaded e-invoice document are not matching with the GST Network information."
2026-01-30T05:32:39.749Z,25,24008628,202601257111545,Failed,"×
Error
Unable to verify the GST e-invoice: HSN Code in the uploaded e-invoice document are not matching with the GST Network information."
2026-01-30T05:32:42.586Z,26,24008632,202601257111548,Success,Already uploaded (green status).
2026-01-30T05:32:45.447Z,27,24008652,202601257111550,Success,Already uploaded (green status).
2026-01-30T05:32:48.250Z,28,24008653,202601257111551,Success,Already uploaded (green status).
2026-01-30T05:33:00.248Z,29,24008672,202601257111556,Failed,"×
Error
Unable to verify the GST e-invoice: HSN Code in the uploaded e-invoice document are not matching with the GST Network information."
2026-01-30T05:33:03.214Z,30,24008675,202601257111558,Success,Already uploaded (green status).
2026-01-30T05:33:06.089Z,31,24008679,202601257111559,Success,Already uploaded (green status).
2026-01-30T05:33:12.889Z,32,24008680,202601257111560,Failed,"×
Error
OpenCV(4.9.0) /io/opencv/modules/imgproc/src/color.cpp:196: error: (-215:Assertion failed) !_src.empty() in function 'cvtColor'
×
Error
Unable to verify the GST e-invoice: HSN Code in the uploaded e-invoice document are not matching with the GST Network information."
2026-01-30T05:33:15.670Z,33,24008684,202601257111563,Success,Already uploaded (green status).
2026-01-30T05:33:18.507Z,34,24008688,202601257111566,Success,Already uploaded (green status).
2026-01-30T05:33:24.948Z,35,24008690,202601257111570,Failed,"×
Error
Unable to verify the GST e-invoice: HSN Code in the uploaded e-invoice document are not matching with the GST Network information."
2026-01-30T05:33:27.948Z,36,24008701,202601257111575,Success,Already uploaded (green status).
2026-01-30T05:33:30.745Z,37,24008706,202601257111578,Success,Already uploaded (green status).
2026-01-30T05:33:33.104Z,38,24008713,202601257111583,Success,Already uploaded (green status).
2026-01-30T05:33:39.661Z,39,24008714,202601257111584,Failed,"×
Error
OpenCV(4.9.0) /io/opencv/modules/imgproc/src/color.cpp:196: error: (-215:Assertion failed) !_src.empty() in function 'cvtColor'
×
Error
Unable to verify the GST e-invoice: HSN Code in the uploaded e-invoice document are not matching with the GST Network information."
2026-01-30T05:33:42.503Z,40,24008715,202601257111586,Success,Already uploaded (green status).
2026-01-30T05:33:45.386Z,41,24008762,202601257111595,Success,Already uploaded (green status).
2026-01-30T05:33:48.162Z,42,24008764,202601257111596,Success,Already uploaded (green status).
2026-01-30T05:33:50.424Z,43,24008798,202601257111601,Success,Already uploaded (green status).
2026-01-30T05:33:53.209Z,44,24008826,202601257111604,Success,Already uploaded (green status).
2026-01-30T05:33:56.156Z,45,24008827,202601257111605,Success,Already uploaded (green status).
2026-01-30T05:33:59.015Z,46,24008847,202601257111609,Success,Already uploaded (green status).
2026-01-30T05:34:01.268Z,47,24008856,202601257111611,Success,Already uploaded (green status).
2026-01-30T05:34:04.241Z,48,24008876,202601257111616,Success,Already uploaded (green status).
2026-01-30T05:34:06.399Z,49,24008906,202601257111623,Success,Already uploaded (green status).
2026-01-30T05:34:08.546Z,50,24008907,202601257111625,Success,Already uploaded (green status).
2026-01-30T05:34:10.773Z,51,24008942,202601257111630,Success,Already uploaded (green status).
2026-01-30T05:34:13.090Z,52,24008944,202601257111633,Success,Already uploaded (green status).
2026-01-30T05:34:15.342Z,53,24009111,202601257111654,Success,Already uploaded (green status).
2026-01-30T05:34:17.658Z,54,24009113,202601257111659,Success,Already uploaded (green status).
2026-01-30T05:34:19.877Z,55,24009114,202601257111660,Success,Already uploaded (green status).
2026-01-30T05:35:09.265Z,56,24009126,202601257111661,Failed,"locator.click: Target page, context or browser has been closed"
